serie,periodo,promedio,ultimo,n_obs
IPC_NUCLEO_MENSUAL,2017-01-31,1.5039000000000025,1.5039000000000025,1
IPC_NUCLEO_MENSUAL,2017-02-28,1.6813147081047974,1.6813147081047974,1
IPC_NUCLEO_MENSUAL,2017-03-31,1.9331366479185652,1.9331366479185652,1
IPC_NUCLEO_MENSUAL,2017-04-30,2.1113875008673677,2.1113875008673677,1
IPC_NUCLEO_MENSUAL,2017-05-31,1.6568460442905497,1.6568460442905497,1
IPC_NUCLEO_MENSUAL,2017-06-30,1.3354467529066438,1.3354467529066438,1
IPC_NUCLEO_MENSUAL,2017-07-31,1.7647808301247014,1.7647808301247014,1
IPC_NUCLEO_MENSUAL,2017-08-31,1.4320052780054215,1.4320052780054215,1
IPC_NUCLEO_MENSUAL,2017-09-30,1.6342323887561294,1.6342323887561294,1
IPC_NUCLEO_MENSUAL,2017-10-31,1.3150119985047004,1.3150119985047004,1
IPC_NUCLEO_MENSUAL,2017-11-30,1.2848513702502506,1.2848513702502506,1
IPC_NUCLEO_MENSUAL,2017-12-31,1.6707824180473008,1.6707824180473008,1
IPC_NUCLEO_MENSUAL,2018-01-31,1.4988487223666525,1.4988487223666525,1
IPC_NUCLEO_MENSUAL,2018-02-28,2.0908267163812333,2.0908267163812333,1
IPC_NUCLEO_MENSUAL,2018-03-31,2.576400878638996,2.576400878638996,1
IPC_NUCLEO_MENSUAL,2018-04-30,2.1300855948922726,2.1300855948922726,1
IPC_NUCLEO_MENSUAL,2018-05-31,2.654987055892377,2.654987055892377,1
IPC_NUCLEO_MENSUAL,2018-06-30,4.073954988687167,4.073954988687167,1
IPC_NUCLEO_MENSUAL,2018-07-31,3.1930887595530644,3.1930887595530644,1
IPC_NUCLEO_MENSUAL,2018-08-31,3.352280566209531,3.352280566209531,1
IPC_NUCLEO_MENSUAL,2018-09-30,7.641252779935859,7.641252779935859,1
IPC_NUCLEO_MENSUAL,2018-10-31,4.539721712386524,4.539721712386524,1
IPC_NUCLEO_MENSUAL,2018-11-30,3.298648285548711,3.298648285548711,1
IPC_NUCLEO_MENSUAL,2018-12-31,2.7435393610045544,2.7435393610045544,1
IPC_NUCLEO_MENSUAL,2019-01-31,3.0028066433953393,3.0028066433953393,1
IPC_NUCLEO_MENSUAL,2019-02-28,3.855498693474302,3.855498693474302,1
IPC_NUCLEO_MENSUAL,2019-03-31,4.579453167651892,4.579453167651892,1
IPC_NUCLEO_MENSUAL,2019-04-30,3.7670642645937003,3.7670642645937003,1
IPC_NUCLEO_MENSUAL,2019-05-31,3.177530679830687,3.177530679830687,1
IPC_NUCLEO_MENSUAL,2019-06-30,2.7315925572350075,2.7315925572350075,1
IPC_NUCLEO_MENSUAL,2019-07-31,2.1476796602663883,2.1476796602663883,1
IPC_NUCLEO_MENSUAL,2019-08-31,4.637860819711426,4.637860819711426,1
IPC_NUCLEO_MENSUAL,2019-09-30,6.437764228108667,6.437764228108667,1
IPC_NUCLEO_MENSUAL,2019-10-31,3.8046676445154803,3.8046676445154803,1
IPC_NUCLEO_MENSUAL,2019-11-30,3.9781271465371804,3.9781271465371804,1
IPC_NUCLEO_MENSUAL,2019-12-31,3.6823011487841617,3.6823011487841617,1
IPC_NUCLEO_MENSUAL,2020-01-31,2.440934291841157,2.440934291841157,1
IPC_NUCLEO_MENSUAL,2020-02-29,2.381762468705717,2.381762468705717,1
IPC_NUCLEO_MENSUAL,2020-03-31,3.120592995324345,3.120592995324345,1
IPC_NUCLEO_MENSUAL,2020-04-30,1.7157568530824063,1.7157568530824063,1
IPC_NUCLEO_MENSUAL,2020-05-31,1.6056784083697373,1.6056784083697373,1
IPC_NUCLEO_MENSUAL,2020-06-30,2.315144764369914,2.315144764369914,1
IPC_NUCLEO_MENSUAL,2020-07-31,2.5332739813328065,2.5332739813328065,1
IPC_NUCLEO_MENSUAL,2020-08-31,3.0332743829144526,3.0332743829144526,1
IPC_NUCLEO_MENSUAL,2020-09-30,2.3168947439132337,2.3168947439132337,1
IPC_NUCLEO_MENSUAL,2020-10-31,3.4596015710900874,3.4596015710900874,1
IPC_NUCLEO_MENSUAL,2020-11-30,3.9376689858741543,3.9376689858741543,1
IPC_NUCLEO_MENSUAL,2020-12-31,4.871001037530909,4.871001037530909,1
IPC_NUCLEO_MENSUAL,2021-01-31,3.915877937023615,3.915877937023615,1
IPC_NUCLEO_MENSUAL,2021-02-28,4.069718475307305,4.069718475307305,1
IPC_NUCLEO_MENSUAL,2021-03-31,4.526054844233185,4.526054844233185,1
IPC_NUCLEO_MENSUAL,2021-04-30,4.558951371909803,4.558951371909803,1
IPC_NUCLEO_MENSUAL,2021-05-31,3.4797506938282874,3.4797506938282874,1
IPC_NUCLEO_MENSUAL,2021-06-30,3.6096552356174927,3.6096552356174927,1
IPC_NUCLEO_MENSUAL,2021-07-31,3.1335013123486855,3.1335013123486855,1
IPC_NUCLEO_MENSUAL,2021-08-31,3.1321874754012713,3.1321874754012713,1
IPC_NUCLEO_MENSUAL,2021-09-30,3.2621255553990425,3.2621255553990425,1
IPC_NUCLEO_MENSUAL,2021-10-31,3.2010124388921923,3.2010124388921923,1
IPC_NUCLEO_MENSUAL,2021-11-30,3.252736625628039,3.252736625628039,1
IPC_NUCLEO_MENSUAL,2021-12-31,4.4232387884627355,4.4232387884627355,1
IPC_NUCLEO_MENSUAL,2022-01-31,3.302097786775726,3.302097786775726,1
IPC_NUCLEO_MENSUAL,2022-02-28,4.450768875905875,4.450768875905875,1
IPC_NUCLEO_MENSUAL,2022-03-31,6.396437400131516,6.396437400131516,1
IPC_NUCLEO_MENSUAL,2022-04-30,6.708974359897035,6.708974359897035,1
IPC_NUCLEO_MENSUAL,2022-05-31,5.201843309518606,5.201843309518606,1
IPC_NUCLEO_MENSUAL,2022-06-30,5.083387964535646,5.083387964535646,1
IPC_NUCLEO_MENSUAL,2022-07-31,7.3288005686861,7.3288005686861,1
IPC_NUCLEO_MENSUAL,2022-08-31,6.801591063054002,6.801591063054002,1
IPC_NUCLEO_MENSUAL,2022-09-30,5.512781333514716,5.512781333514716,1
IPC_NUCLEO_MENSUAL,2022-10-31,5.5491579643453415,5.5491579643453415,1
IPC_NUCLEO_MENSUAL,2022-11-30,4.755869688845538,4.755869688845538,1
IPC_NUCLEO_MENSUAL,2022-12-31,5.251080268315311,5.251080268315311,1
IPC_NUCLEO_MENSUAL,2023-01-31,5.352143346118776,5.352143346118776,1
IPC_NUCLEO_MENSUAL,2023-02-28,7.690216438789466,7.690216438789466,1
IPC_NUCLEO_MENSUAL,2023-03-31,7.210125958641744,7.210125958641744,1
IPC_NUCLEO_MENSUAL,2023-04-30,8.400631040277151,8.400631040277151,1
IPC_NUCLEO_MENSUAL,2023-05-31,7.841789729669557,7.841789729669557,1
IPC_NUCLEO_MENSUAL,2023-06-30,6.492213089968435,6.492213089968435,1
IPC_NUCLEO_MENSUAL,2023-07-31,6.497529400342006,6.497529400342006,1
IPC_NUCLEO_MENSUAL,2023-08-31,13.78668190881578,13.78668190881578,1
IPC_NUCLEO_MENSUAL,2023-09-30,13.42821144291415,13.42821144291415,1
IPC_NUCLEO_MENSUAL,2023-10-31,8.81103433546322,8.81103433546322,1
IPC_NUCLEO_MENSUAL,2023-11-30,13.403615501221399,13.403615501221399,1
IPC_NUCLEO_MENSUAL,2023-12-31,28.25875987091053,28.25875987091053,1
IPC_NUCLEO_MENSUAL,2024-01-31,20.21648871207129,20.21648871207129,1
IPC_NUCLEO_MENSUAL,2024-02-29,12.290140839705677,12.290140839705677,1
IPC_NUCLEO_MENSUAL,2024-03-31,9.41204797536992,9.41204797536992,1
IPC_NUCLEO_MENSUAL,2024-04-30,6.298438398652029,6.298438398652029,1
IPC_NUCLEO_MENSUAL,2024-05-31,3.7346867424331354,3.7346867424331354,1
IPC_NUCLEO_MENSUAL,2024-06-30,3.6511302858435624,3.6511302858435624,1
IPC_NUCLEO_MENSUAL,2024-07-31,3.7855879288956507,3.7855879288956507,1
IPC_NUCLEO_MENSUAL,2024-08-31,4.120285573091365,4.120285573091365,1
IPC_NUCLEO_MENSUAL,2024-09-30,3.262205751650904,3.262205751650904,1
IPC_NUCLEO_MENSUAL,2024-10-31,2.9178168076062105,2.9178168076062105,1
IPC_NUCLEO_MENSUAL,2024-11-30,2.7148338562957175,2.7148338562957175,1
IPC_NUCLEO_MENSUAL,2024-12-31,3.197281506150129,3.197281506150129,1
IPC_NUCLEO_MENSUAL,2025-01-31,2.397689431239436,2.397689431239436,1
IPC_NUCLEO_MENSUAL,2025-02-28,2.9203528091388264,2.9203528091388264,1
IPC_NUCLEO_MENSUAL,2025-03-31,3.1927902426889476,3.1927902426889476,1
IPC_NUCLEO_MENSUAL,2025-04-30,3.2147159664202674,3.2147159664202674,1
IPC_NUCLEO_MENSUAL,2025-05-31,2.1972650333935473,2.1972650333935473,1
IPC_NUCLEO_MENSUAL,2025-06-30,1.7137349662716073,1.7137349662716073,1
IPC_NUCLEO_MENSUAL,2025-07-31,1.4791483194941168,1.4791483194941168,1
IPC_NUCLEO_MENSUAL,2025-08-31,2.0449004208132004,2.0449004208132004,1
IPC_NUCLEO_MENSUAL,2025-09-30,1.895876192364887,1.895876192364887,1
IPC_NUCLEO_MENSUAL,2025-10-31,2.2167187118103504,2.2167187118103504,1
IPC_NUCLEO_MENSUAL,2025-11-30,2.6389973653884624,2.6389973653884624,1
IPC_NUCLEO_MENSUAL,2025-12-31,3.033892113375969,3.033892113375969,1
IPC_NUCLEO_MENSUAL,2026-01-31,2.630369065853122,2.630369065853122,1
IPC_NUCLEO_MENSUAL,2026-02-28,3.0753751896320347,3.0753751896320347,1
IPC_NUCLEO_MENSUAL,2026-03-31,3.1889458451843655,3.1889458451843655,1
IPC_NUCLEO_MENSUAL,2026-04-30,2.286474435452468,2.286474435452468,1
IPC_NUCLEO_MENSUAL,2026-05-31,1.9034777326863095,1.9034777326863095,1
IPC_NUCLEO_MENSUAL,2026-06-30,1.5695811790507053,1.5695811790507053,1
IPC_NUCLEO_MENSUAL,2026-07-31,1.782174844485196,1.782174844485196,1
IPC_NUCLEO_MENSUAL,2026-08-31,1.8114029123214692,1.8114029123214692,1
IPC_NUCLEO_INTERANUAL,2017-12-31,21.126299999999997,21.126299999999997,1
IPC_NUCLEO_INTERANUAL,2018-01-31,21.120272225993286,21.120272225993286,1
IPC_NUCLEO_INTERANUAL,2018-02-28,21.60807282204815,21.60807282204815,1
IPC_NUCLEO_INTERANUAL,2018-03-31,22.375498665946814,22.375498665946814,1
IPC_NUCLEO_INTERANUAL,2018-04-30,22.397907416198915,22.397907416198915,1
IPC_NUCLEO_INTERANUAL,2018-05-31,23.5996992864004,23.5996992864004,1
IPC_NUCLEO_INTERANUAL,2018-06-30,26.939880884071155,26.939880884071155,1
IPC_NUCLEO_INTERANUAL,2018-07-31,28.721531047795956,28.721531047795956,1
IPC_NUCLEO_INTERANUAL,2018-08-31,31.15844210415737,31.15844210415737,1
IPC_NUCLEO_INTERANUAL,2018-09-30,38.91047031037624,38.91047031037624,1
IPC_NUCLEO_INTERANUAL,2018-10-31,43.33178887051592,43.33178887051592,1
IPC_NUCLEO_INTERANUAL,2018-11-30,46.18158437682038,46.18158437682038,1
IPC_NUCLEO_INTERANUAL,2018-12-31,47.72398727609115,47.72398727609115,1
IPC_NUCLEO_INTERANUAL,2019-01-31,49.9128856092883,49.9128856092883,1
IPC_NUCLEO_INTERANUAL,2019-02-28,52.50417688146898,52.50417688146898,1
IPC_NUCLEO_INTERANUAL,2019-03-31,55.482189737933595,55.482189737933595,1
IPC_NUCLEO_INTERANUAL,2019-04-30,57.974315605026725,57.974315605026725,1
IPC_NUCLEO_INTERANUAL,2019-05-31,58.77845063765286,58.77845063765286,1
IPC_NUCLEO_INTERANUAL,2019-06-30,56.73050091686696,56.73050091686696,1
IPC_NUCLEO_INTERANUAL,2019-07-31,55.142725090367286,55.142725090367286,1
IPC_NUCLEO_INTERANUAL,2019-08-31,57.07251728032168,57.07251728032168,1
IPC_NUCLEO_INTERANUAL,2019-09-30,55.31635993848902,55.31635993848902,1
IPC_NUCLEO_INTERANUAL,2019-10-31,54.224278188990894,54.224278188990894,1
IPC_NUCLEO_INTERANUAL,2019-11-30,55.238736157414145,55.238736157414145,1
IPC_NUCLEO_INTERANUAL,2019-12-31,56.65714352778644,56.65714352778644,1
IPC_NUCLEO_INTERANUAL,2020-01-31,55.80259091422073,55.80259091422073,1
IPC_NUCLEO_INTERANUAL,2020-02-29,53.59171209671312,53.59171209671312,1
IPC_NUCLEO_INTERANUAL,2020-03-31,51.44914178494942,51.44914178494942,1
IPC_NUCLEO_INTERANUAL,2020-04-30,48.45523664546967,48.45523664546967,1
IPC_NUCLEO_INTERANUAL,2020-05-31,46.19360371634327,46.19360371634327,1
IPC_NUCLEO_INTERANUAL,2020-06-30,45.60097196516368,45.60097196516368,1
IPC_NUCLEO_INTERANUAL,2020-07-31,46.15059686235414,46.15059686235414,1
IPC_NUCLEO_INTERANUAL,2020-08-31,43.9094265668416,43.9094265668416,1
IPC_NUCLEO_INTERANUAL,2020-09-30,38.33779540070377,38.33779540070377,1
IPC_NUCLEO_INTERANUAL,2020-10-31,37.87793477065271,37.87793477065271,1
IPC_NUCLEO_INTERANUAL,2020-11-30,37.82428610636224,37.82428610636224,1
IPC_NUCLEO_INTERANUAL,2020-12-31,39.40441802614028,39.40441802614028,1
IPC_NUCLEO_INTERANUAL,2021-01-31,41.41156157573196,41.41156157573196,1
IPC_NUCLEO_INTERANUAL,2021-02-28,43.742997263192684,43.742997263192684,1
IPC_NUCLEO_INTERANUAL,2021-03-31,45.702114184779674,45.702114184779674,1
IPC_NUCLEO_INTERANUAL,2021-04-30,49.774830794754685,49.774830794754685,1
IPC_NUCLEO_INTERANUAL,2021-05-31,52.53736202183394,52.53736202183394,1
IPC_NUCLEO_INTERANUAL,2021-06-30,54.46729343959711,54.46729343959711,1
IPC_NUCLEO_INTERANUAL,2021-07-31,55.37154127710764,55.37154127710764,1
IPC_NUCLEO_INTERANUAL,2021-08-31,55.52069968951574,55.52069968951574,1
IPC_NUCLEO_INTERANUAL,2021-09-30,56.957441466504676,56.957441466504676,1
IPC_NUCLEO_INTERANUAL,2021-10-31,56.56513869359154,56.56513869359154,1
IPC_NUCLEO_INTERANUAL,2021-11-30,55.5333998541123,55.5333998541123,1
IPC_NUCLEO_INTERANUAL,2021-12-31,54.86932700046447,54.86932700046447,1
IPC_NUCLEO_INTERANUAL,2022-01-31,53.95458980454968,53.95458980454968,1
IPC_NUCLEO_INTERANUAL,2022-02-28,54.51829324276869,54.51829324276869,1
IPC_NUCLEO_INTERANUAL,2022-03-31,57.28323372272026,57.28323372272026,1
IPC_NUCLEO_INTERANUAL,2022-04-30,60.517414667458254,60.517414667458254,1
IPC_NUCLEO_INTERANUAL,2022-05-31,63.18871849874028,63.18871849874028,1
IPC_NUCLEO_INTERANUAL,2022-06-30,65.50989749402693,65.50989749402693,1
IPC_NUCLEO_INTERANUAL,2022-07-31,72.24256477514864,72.24256477514864,1
IPC_NUCLEO_INTERANUAL,2022-08-31,78.37088902196231,78.37088902196231,1
IPC_NUCLEO_INTERANUAL,2022-09-30,82.25858230607483,82.25858230607483,1
IPC_NUCLEO_INTERANUAL,2022-10-31,86.4055345927189,86.4055345927189,1
IPC_NUCLEO_INTERANUAL,2022-11-30,89.11918975935109,89.11918975935109,1
IPC_NUCLEO_INTERANUAL,2022-12-31,90.61847968499738,90.61847968499738,1
IPC_NUCLEO_INTERANUAL,2023-01-31,94.4013318843162,94.4013318843162,1
IPC_NUCLEO_INTERANUAL,2023-02-28,100.43051604036735,100.43051604036735,1
IPC_NUCLEO_INTERANUAL,2023-03-31,101.96334948539155,101.96334948539155,1
IPC_NUCLEO_INTERANUAL,2023-04-30,105.16507315857213,105.16507315857213,1
IPC_NUCLEO_INTERANUAL,2023-05-31,110.31350766681021,110.31350766681021,1
IPC_NUCLEO_INTERANUAL,2023-06-30,113.13312511118592,113.13312511118592,1
IPC_NUCLEO_INTERANUAL,2023-07-31,111.48238997778974,111.48238997778974,1
IPC_NUCLEO_INTERANUAL,2023-08-31,125.31386656507726,125.31386656507726,1
IPC_NUCLEO_INTERANUAL,2023-09-30,142.2166165536033,142.2166165536033,1
IPC_NUCLEO_INTERANUAL,2023-10-31,149.70204489302418,149.70204489302418,1
IPC_NUCLEO_INTERANUAL,2023-11-30,170.31530331452598,170.31530331452598,1
IPC_NUCLEO_INTERANUAL,2023-12-31,229.4056981540289,229.4056981540289,1
IPC_NUCLEO_INTERANUAL,2024-01-31,275.88220928477824,275.88220928477824,1
IPC_NUCLEO_INTERANUAL,2024-02-29,291.93779728094614,291.93779728094614,1
IPC_NUCLEO_INTERANUAL,2024-03-31,299.9875636374728,299.9875636374728,1
IPC_NUCLEO_INTERANUAL,2024-04-30,292.2306815515389,292.2306815515389,1
IPC_NUCLEO_INTERANUAL,2024-05-31,277.29276362636097,277.29276362636097,1
IPC_NUCLEO_INTERANUAL,2024-06-30,267.22705129156327,267.22705129156327,1
IPC_NUCLEO_INTERANUAL,2024-07-31,257.8756768940333,257.8756768940333,1
IPC_NUCLEO_INTERANUAL,2024-08-31,227.4734534198873,227.4734534198873,1
IPC_NUCLEO_INTERANUAL,2024-09-30,198.12363868812932,198.12363868812932,1
IPC_NUCLEO_INTERANUAL,2024-10-31,181.97722979021492,181.97722979021492,1
IPC_NUCLEO_INTERANUAL,2024-11-30,155.39965530330466,155.39965530330466,1
IPC_NUCLEO_INTERANUAL,2024-12-31,105.49512681579097,105.49512681579097,1
IPC_NUCLEO_INTERANUAL,2025-01-31,75.03610694964186,75.03610694964186,1
IPC_NUCLEO_INTERANUAL,2025-02-28,60.43062860978523,60.43062860978523,1
IPC_NUCLEO_INTERANUAL,2025-03-31,51.31134562401309,51.31134562401309,1
IPC_NUCLEO_INTERANUAL,2025-04-30,46.921796748402734,46.921796748402734,1
IPC_NUCLEO_INTERANUAL,2025-05-31,44.74431140627273,44.74431140627273,1
IPC_NUCLEO_INTERANUAL,2025-06-30,42.03882280542648,42.03882280542648,1
IPC_NUCLEO_INTERANUAL,2025-07-31,38.8822769542275,38.8822769542275,1
IPC_NUCLEO_INTERANUAL,2025-08-31,36.11399588470383,36.11399588470383,1
IPC_NUCLEO_INTERANUAL,2025-09-30,34.31298287460906,34.31298287460906,1
IPC_NUCLEO_INTERANUAL,2025-10-31,33.39801421850079,33.39801421850079,1
IPC_NUCLEO_INTERANUAL,2025-11-30,33.29952369953173,33.29952369953173,1
IPC_NUCLEO_INTERANUAL,2025-12-31,33.08847426182873,33.08847426182873,1
IPC_NUCLEO_INTERANUAL,2026-01-31,33.390892975908514,33.390892975908514,1
IPC_NUCLEO_INTERANUAL,2026-02-28,33.591811192770706,33.591811192770706,1
IPC_NUCLEO_INTERANUAL,2026-03-31,33.58683429443921,33.58683429443921,1
IPC_NUCLEO_INTERANUAL,2026-04-30,32.38544700754345,32.38544700754345,1
IPC_NUCLEO_INTERANUAL,2026-05-31,32.00487749703298,32.00487749703298,1
IPC_NUCLEO_INTERANUAL,2026-06-30,31.817793589150355,31.817793589150355,1
IPC_NUCLEO_INTERANUAL,2026-07-31,32.211414235212054,32.211414235212054,1
IPC_NUCLEO_INTERANUAL,2026-08-31,31.908890192454574,31.908890192454574,1
IPC_GBA_MENSUAL,2016-05-31,4.193374132129168,4.193374132129168,1
IPC_GBA_MENSUAL,2016-06-30,3.0759113832287133,3.0759113832287133,1
IPC_GBA_MENSUAL,2016-07-31,2.046753065774798,2.046753065774798,1
IPC_GBA_MENSUAL,2016-08-31,0.20195705238721384,0.20195705238721384,1
IPC_GBA_MENSUAL,2016-09-30,1.1491438117333441,1.1491438117333441,1
IPC_GBA_MENSUAL,2016-10-31,2.359333651925133,2.359333651925133,1
IPC_GBA_MENSUAL,2016-11-30,1.6184231634629898,1.6184231634629898,1
IPC_GBA_MENSUAL,2016-12-31,1.1975720678509605,1.1975720678509605,1
IPC_GBA_MENSUAL,2017-01-31,1.3130000000000086,1.3130000000000086,1
IPC_GBA_MENSUAL,2017-02-28,2.4631587259285492,2.4631587259285492,1
IPC_GBA_MENSUAL,2017-03-31,2.3641609309449585,2.3641609309449585,1
IPC_GBA_MENSUAL,2017-04-30,2.633661670557963,2.633661670557963,1
IPC_GBA_MENSUAL,2017-05-31,1.2831315966341794,1.2831315966341794,1
IPC_GBA_MENSUAL,2017-06-30,1.3883670844019536,1.3883670844019536,1
IPC_GBA_MENSUAL,2017-07-31,1.7193732181012722,1.7193732181012722,1
IPC_GBA_MENSUAL,2017-08-31,1.4775293868762196,1.4775293868762196,1
IPC_GBA_MENSUAL,2017-09-30,2.0436303178720916,2.0436303178720916,1
IPC_GBA_MENSUAL,2017-10-31,1.2994466183362086,1.2994466183362086,1
IPC_GBA_MENSUAL,2017-11-30,1.167880768377838,1.167880768377838,1
IPC_GBA_MENSUAL,2017-12-31,3.428703303138869,3.428703303138869,1
IPC_GBA_MENSUAL,2018-01-31,1.5799045419356617,1.5799045419356617,1
IPC_GBA_MENSUAL,2018-02-28,2.5797014046405664,2.5797014046405664,1
IPC_GBA_MENSUAL,2018-03-31,2.464861429734766,2.464861429734766,1
IPC_GBA_MENSUAL,2018-04-30,2.573129552338971,2.573129552338971,1
IPC_GBA_MENSUAL,2018-05-31,1.9293402853846509,1.9293402853846509,1
IPC_GBA_MENSUAL,2018-06-30,3.9247743229688936,3.9247743229688936,1
IPC_GBA_MENSUAL,2018-07-31,2.798600837456955,2.798600837456955,1
IPC_GBA_MENSUAL,2018-08-31,4.06182226400873,4.06182226400873,1
IPC_GBA_MENSUAL,2018-09-30,6.64773316784244,6.64773316784244,1
IPC_GBA_MENSUAL,2018-10-31,5.054435214631914,5.054435214631914,1
IPC_GBA_MENSUAL,2018-11-30,2.888673255686225,2.888673255686225,1
IPC_GBA_MENSUAL,2018-12-31,2.829374374570226,2.829374374570226,1
IPC_GBA_MENSUAL,2019-01-31,2.8191549222265744,2.8191549222265744,1
IPC_GBA_MENSUAL,2019-02-28,3.826122176185298,3.826122176185298,1
IPC_GBA_MENSUAL,2019-03-31,4.79130901096303,4.79130901096303,1
IPC_GBA_MENSUAL,2019-04-30,3.2458901509905047,3.2458901509905047,1
IPC_GBA_MENSUAL,2019-05-31,3.0277683505854913,3.0277683505854913,1
IPC_GBA_MENSUAL,2019-06-30,2.6184294266291985,2.6184294266291985,1
IPC_GBA_MENSUAL,2019-07-31,2.1450911689346652,2.1450911689346652,1
IPC_GBA_MENSUAL,2019-08-31,3.8697442254366,3.8697442254366,1
IPC_GBA_MENSUAL,2019-09-30,5.808182641795101,5.808182641795101,1
IPC_GBA_MENSUAL,2019-10-31,3.197286357784823,3.197286357784823,1
IPC_GBA_MENSUAL,2019-11-30,4.070479969839758,4.070479969839758,1
IPC_GBA_MENSUAL,2019-12-31,3.8314354515238014,3.8314354515238014,1
IPC_GBA_MENSUAL,2020-01-31,1.889838269420574,1.889838269420574,1
IPC_GBA_MENSUAL,2020-02-29,1.831015461900587,1.831015461900587,1
IPC_GBA_MENSUAL,2020-03-31,3.5958414599450705,3.5958414599450705,1
IPC_GBA_MENSUAL,2020-04-30,1.3965973965299083,1.3965973965299083,1
IPC_GBA_MENSUAL,2020-05-31,1.5153942769465356,1.5153942769465356,1
IPC_GBA_MENSUAL,2020-06-30,2.048878113948205,2.048878113948205,1
IPC_GBA_MENSUAL,2020-07-31,1.6420650897843947,1.6420650897843947,1
IPC_GBA_MENSUAL,2020-08-31,2.79429315378652,2.79429315378652,1
IPC_GBA_MENSUAL,2020-09-30,2.7755258811012595,2.7755258811012595,1
IPC_GBA_MENSUAL,2020-10-31,3.5618447530375352,3.5618447530375352,1
IPC_GBA_MENSUAL,2020-11-30,2.9723456879644505,2.9723456879644505,1
IPC_GBA_MENSUAL,2020-12-31,3.7169694180610113,3.7169694180610113,1
IPC_GBA_MENSUAL,2021-01-31,3.287276750845436,3.287276750845436,1
IPC_GBA_MENSUAL,2021-02-28,3.605126675010162,3.605126675010162,1
IPC_GBA_MENSUAL,2021-03-31,5.1968423144926446,5.1968423144926446,1
IPC_GBA_MENSUAL,2021-04-30,4.109185944574922,4.109185944574922,1
IPC_GBA_MENSUAL,2021-05-31,3.369597563224791,3.369597563224791,1
IPC_GBA_MENSUAL,2021-06-30,3.0645449418720716,3.0645449418720716,1
IPC_GBA_MENSUAL,2021-07-31,3.0841320010875473,3.0841320010875473,1
IPC_GBA_MENSUAL,2021-08-31,2.60321580140761,2.60321580140761,1
IPC_GBA_MENSUAL,2021-09-30,3.836910324617304,3.836910324617304,1
IPC_GBA_MENSUAL,2021-10-31,3.7714114410323907,3.7714114410323907,1
IPC_GBA_MENSUAL,2021-11-30,2.2672956074479167,2.2672956074479167,1
IPC_GBA_MENSUAL,2021-12-31,4.062420893616681,4.062420893616681,1
IPC_GBA_MENSUAL,2022-01-31,3.9271234002354882,3.9271234002354882,1
IPC_GBA_MENSUAL,2022-02-28,4.563161555042039,4.563161555042039,1
IPC_GBA_MENSUAL,2022-03-31,6.666890142106197,6.666890142106197,1
IPC_GBA_MENSUAL,2022-04-30,6.188567885357332,6.188567885357332,1
IPC_GBA_MENSUAL,2022-05-31,4.771388203958571,4.771388203958571,1
IPC_GBA_MENSUAL,2022-06-30,5.473708168938818,5.473708168938818,1
IPC_GBA_MENSUAL,2022-07-31,7.36725927778088,7.36725927778088,1
IPC_GBA_MENSUAL,2022-08-31,6.950753900936979,6.950753900936979,1
IPC_GBA_MENSUAL,2022-09-30,6.036053107525796,6.036053107525796,1
IPC_GBA_MENSUAL,2022-10-31,6.550171748775191,6.550171748775191,1
IPC_GBA_MENSUAL,2022-11-30,4.9993772500254385,4.9993772500254385,1
IPC_GBA_MENSUAL,2022-12-31,5.343398967072477,5.343398967072477,1
IPC_GBA_MENSUAL,2023-01-31,5.960427115896394,5.960427115896394,1
IPC_GBA_MENSUAL,2023-02-28,6.691821193987635,6.691821193987635,1
IPC_GBA_MENSUAL,2023-03-31,7.817831369516304,7.817831369516304,1
IPC_GBA_MENSUAL,2023-04-30,8.585818397430401,8.585818397430401,1
IPC_GBA_MENSUAL,2023-05-31,7.952599411390571,7.952599411390571,1
IPC_GBA_MENSUAL,2023-06-30,5.821948776275243,5.821948776275243,1
IPC_GBA_MENSUAL,2023-07-31,6.187319052919094,6.187319052919094,1
IPC_GBA_MENSUAL,2023-08-31,12.25980935243256,12.25980935243256,1
IPC_GBA_MENSUAL,2023-09-30,12.179890371797143,12.179890371797143,1
IPC_GBA_MENSUAL,2023-10-31,8.612751353074799,8.612751353074799,1
IPC_GBA_MENSUAL,2023-11-30,12.90547952761214,12.90547952761214,1
IPC_GBA_MENSUAL,2023-12-31,25.08499747596742,25.08499747596742,1
IPC_GBA_MENSUAL,2024-01-31,19.5518159731064,19.5518159731064,1
IPC_GBA_MENSUAL,2024-02-29,14.973905493530637,14.973905493530637,1
IPC_GBA_MENSUAL,2024-03-31,11.482187140392398,11.482187140392398,1
IPC_GBA_MENSUAL,2024-04-30,9.22718101276756,9.22718101276756,1
IPC_GBA_MENSUAL,2024-05-31,4.3005823851510305,4.3005823851510305,1
IPC_GBA_MENSUAL,2024-06-30,4.3535999562241745,4.3535999562241745,1
IPC_GBA_MENSUAL,2024-07-31,4.037194287652612,4.037194287652612,1
IPC_GBA_MENSUAL,2024-08-31,4.137777077664628,4.137777077664628,1
IPC_GBA_MENSUAL,2024-09-30,3.717751218115861,3.717751218115861,1
IPC_GBA_MENSUAL,2024-10-31,2.820266304279473,2.820266304279473,1
IPC_GBA_MENSUAL,2024-11-30,2.601330347244568,2.601330347244568,1
IPC_GBA_MENSUAL,2024-12-31,2.8655273911321277,2.8655273911321277,1
IPC_GBA_MENSUAL,2025-01-31,2.0234114180589513,2.0234114180589513,1
IPC_GBA_MENSUAL,2025-02-28,2.2348251105860584,2.2348251105860584,1
IPC_GBA_MENSUAL,2025-03-31,3.8542769769347895,3.8542769769347895,1
IPC_GBA_MENSUAL,2025-04-30,2.7577538869369755,2.7577538869369755,1
IPC_GBA_MENSUAL,2025-05-31,1.5008447859677698,1.5008447859677698,1
IPC_GBA_MENSUAL,2025-06-30,2.0243753200644976,2.0243753200644976,1
IPC_GBA_MENSUAL,2025-07-31,1.8679320347811057,1.8679320347811057,1
IPC_GBA_MENSUAL,2025-08-31,1.8715637795281514,1.8715637795281514,1
IPC_GBA_MENSUAL,2025-09-30,2.0953170557133527,2.0953170557133527,1
IPC_GBA_MENSUAL,2025-10-31,2.3965787765641178,2.3965787765641178,1
IPC_GBA_MENSUAL,2025-11-30,2.481975110329704,2.481975110329704,1
IPC_GBA_MENSUAL,2025-12-31,2.7926969731880025,2.7926969731880025,1
IPC_GBA_MENSUAL,2026-01-31,2.768724964524605,2.768724964524605,1
IPC_GBA_MENSUAL,2026-02-28,2.6159142906322153,2.6159142906322153,1
IPC_GBA_MENSUAL,2026-03-31,3.410774156758367,3.410774156758367,1
IPC_GBA_MENSUAL,2026-04-30,2.764955653881307,2.764955653881307,1
IPC_GBA_MENSUAL,2026-05-31,2.2757552080889143,2.2757552080889143,1
IPC_GBA_MENSUAL,2026-06-30,1.866363954326511,1.866363954326511,1
IPC_GBA_MENSUAL,2026-07-31,2.267310263976796,2.267310263976796,1
IPC_GBA_MENSUAL,2026-08-31,1.6398634784437593,1.6398634784437593,1
IPC_GBA_INTERANUAL,2017-04-30,27.519193128591034,27.519193128591034,1
IPC_GBA_INTERANUAL,2017-05-31,23.957433246775395,23.957433246775395,1
IPC_GBA_INTERANUAL,2017-06-30,21.92801961399107,21.92801961399107,1
IPC_GBA_INTERANUAL,2017-07-31,21.536857962207478,21.536857962207478,1
IPC_GBA_INTERANUAL,2017-08-31,23.084023887881557,23.084023887881557,1
IPC_GBA_INTERANUAL,2017-09-30,24.17248587915546,24.17248587915546,1
IPC_GBA_INTERANUAL,2017-10-31,22.88673300234054,22.88673300234054,1
IPC_GBA_INTERANUAL,2017-11-30,22.34189397327979,22.34189397327979,1
IPC_GBA_INTERANUAL,2017-12-31,25.039199999999994,25.039199999999994,1
IPC_GBA_INTERANUAL,2018-01-31,25.36861014874696,25.36861014874696,1
IPC_GBA_INTERANUAL,2018-02-28,25.511205729781295,25.511205729781295,1
IPC_GBA_INTERANUAL,2018-03-31,25.63467707859861,25.63467707859861,1
IPC_GBA_INTERANUAL,2018-04-30,25.560579233880375,25.560579233880375,1
IPC_GBA_INTERANUAL,2018-05-31,26.36168338603686,26.36168338603686,1
IPC_GBA_INTERANUAL,2018-06-30,29.522841787483834,29.522841787483834,1
IPC_GBA_INTERANUAL,2018-07-31,30.897060127335084,30.897060127335084,1
IPC_GBA_INTERANUAL,2018-08-31,34.230569941463514,34.230569941463514,1
IPC_GBA_INTERANUAL,2018-09-30,40.286914151244076,40.286914151244076,1
IPC_GBA_INTERANUAL,2018-10-31,45.487098164412075,45.487098164412075,1
IPC_GBA_INTERANUAL,2018-11-30,47.96172848799074,47.96172848799074,1
IPC_GBA_INTERANUAL,2018-12-31,47.10434807644324,47.10434807644324,1
IPC_GBA_INTERANUAL,2019-01-31,48.8989857079535,48.8989857079535,1
IPC_GBA_INTERANUAL,2019-02-28,50.70822073308041,50.70822073308041,1
IPC_GBA_INTERANUAL,2019-03-31,54.13002573728789,54.13002573728789,1
IPC_GBA_INTERANUAL,2019-04-30,55.1409396953366,55.1409396953366,1
IPC_GBA_INTERANUAL,2019-05-31,56.81279552944547,56.81279552944547,1
IPC_GBA_INTERANUAL,2019-06-30,54.84164287161981,54.84164287161981,1
IPC_GBA_INTERANUAL,2019-07-31,53.857285984637656,53.857285984637656,1
IPC_GBA_INTERANUAL,2019-08-31,53.57329513122953,53.57329513122953,1
IPC_GBA_INTERANUAL,2019-09-30,52.36433797026172,52.36433797026172,1
IPC_GBA_INTERANUAL,2019-10-31,49.67084620565772,49.67084620565772,1
IPC_GBA_INTERANUAL,2019-11-30,51.390005422720634,51.390005422720634,1
IPC_GBA_INTERANUAL,2019-12-31,52.86528457127697,52.86528457127697,1
IPC_GBA_INTERANUAL,2020-01-31,51.483632925769186,51.483632925769186,1
IPC_GBA_INTERANUAL,2020-02-29,48.57274685182347,48.57274685182347,1
IPC_GBA_INTERANUAL,2020-03-31,46.87781719111679,46.87781719111679,1
IPC_GBA_INTERANUAL,2020-04-30,44.247009488017966,44.247009488017966,1
IPC_GBA_INTERANUAL,2020-05-31,42.1295663865884,42.1295663865884,1
IPC_GBA_INTERANUAL,2020-06-30,41.34072093691077,41.34072093691077,1
IPC_GBA_INTERANUAL,2020-07-31,40.644671152593894,40.644671152593894,1
IPC_GBA_INTERANUAL,2020-08-31,39.18845824438988,39.18845824438988,1
IPC_GBA_INTERANUAL,2020-09-30,35.19906150430578,35.19906150430578,1
IPC_GBA_INTERANUAL,2020-10-31,35.676670505871975,35.676670505871975,1
IPC_GBA_INTERANUAL,2020-11-30,34.24503299275226,34.24503299275226,1
IPC_GBA_INTERANUAL,2020-12-31,34.09703834766296,34.09703834766296,1
IPC_GBA_INTERANUAL,2021-01-31,35.93620469452301,35.93620469452301,1
IPC_GBA_INTERANUAL,2021-02-28,38.3045002862167,38.3045002862167,1
IPC_GBA_INTERANUAL,2021-03-31,40.44189904687663,40.44189904687663,1
IPC_GBA_INTERANUAL,2021-04-30,44.19903781486143,44.19903781486143,1
IPC_GBA_INTERANUAL,2021-05-31,46.83286819791688,46.83286819791688,1
IPC_GBA_INTERANUAL,2021-06-30,48.29425882007561,48.29425882007561,1
IPC_GBA_INTERANUAL,2021-07-31,50.39821296142204,50.39821296142204,1
IPC_GBA_INTERANUAL,2021-08-31,50.118647905293926,50.118647905293926,1
IPC_GBA_INTERANUAL,2021-09-30,51.66895471425808,51.66895471425808,1
IPC_GBA_INTERANUAL,2021-10-31,51.975870457086984,51.975870457086984,1
IPC_GBA_INTERANUAL,2021-11-30,50.93529398981842,50.93529398981842,1
IPC_GBA_INTERANUAL,2021-12-31,51.43801616069139,51.43801616069139,1
IPC_GBA_INTERANUAL,2022-01-31,52.376148235413744,52.376148235413744,1
IPC_GBA_INTERANUAL,2022-02-28,53.78516793916211,53.78516793916211,1
IPC_GBA_INTERANUAL,2022-03-31,55.934201570535706,55.934201570535706,1
IPC_GBA_INTERANUAL,2022-04-30,59.04868911315005,59.04868911315005,1
IPC_GBA_INTERANUAL,2022-05-31,61.20554150568669,61.20554150568669,1
IPC_GBA_INTERANUAL,2022-06-30,64.97376716286027,64.97376716286027,1
IPC_GBA_INTERANUAL,2022-07-31,71.82839772876196,71.82839772876196,1
IPC_GBA_INTERANUAL,2022-08-31,79.10916860784225,79.10916860784225,1
IPC_GBA_INTERANUAL,2022-09-30,82.90248867356162,82.90248867356162,1
IPC_GBA_INTERANUAL,2022-10-31,87.80019767313783,87.80019767313783,1
IPC_GBA_INTERANUAL,2022-11-30,92.81729986096411,92.81729986096411,1
IPC_GBA_INTERANUAL,2022-12-31,95.19082462796287,95.19082462796287,1
IPC_GBA_INTERANUAL,2023-01-31,99.00967591522996,99.00967591522996,1
IPC_GBA_INTERANUAL,2023-02-28,103.06104408907193,103.06104408907193,1
IPC_GBA_INTERANUAL,2023-03-31,105.2520831923185,105.2520831923185,1
IPC_GBA_INTERANUAL,2023-04-30,109.88573322956223,109.88573322956223,1
IPC_GBA_INTERANUAL,2023-05-31,116.25856896530884,116.25856896530884,1
IPC_GBA_INTERANUAL,2023-06-30,116.97258591517814,116.97258591517814,1
IPC_GBA_INTERANUAL,2023-07-31,114.58810964619528,114.58810964619528,1
IPC_GBA_INTERANUAL,2023-08-31,125.24030359331321,125.24030359331321,1
IPC_GBA_INTERANUAL,2023-09-30,138.29095693316455,138.29095693316455,1
IPC_GBA_INTERANUAL,2023-10-31,142.90375163440854,142.90375163440854,1
IPC_GBA_INTERANUAL,2023-11-30,161.19359252992385,161.19359252992385,1
IPC_GBA_INTERANUAL,2023-12-31,210.14188058006923,210.14188058006923,1
IPC_GBA_INTERANUAL,2024-01-31,249.9233255459297,249.9233255459297,1
IPC_GBA_INTERANUAL,2024-02-29,277.0865555678307,277.0865555678307,1
IPC_GBA_INTERANUAL,2024-03-31,289.902425433355,289.902425433355,1
IPC_GBA_INTERANUAL,2024-04-30,292.2053858290392,292.2053858290392,1
IPC_GBA_INTERANUAL,2024-05-31,278.9371481521299,278.9371481521299,1
IPC_GBA_INTERANUAL,2024-06-30,273.67914713441064,273.67914713441064,1
IPC_GBA_INTERANUAL,2024-07-31,266.1127371743197,266.1127371743197,1
IPC_GBA_INTERANUAL,2024-08-31,239.62436627215573,239.62436627215573,1
IPC_GBA_INTERANUAL,2024-09-30,214.00525898072692,214.00525898072692,1
IPC_GBA_INTERANUAL,2024-10-31,197.25887565805195,197.25887565805195,1
IPC_GBA_INTERANUAL,2024-11-30,170.12999039239207,170.12999039239207,1
IPC_GBA_INTERANUAL,2024-12-31,122.14545698187021,122.14545698187021,1
IPC_GBA_INTERANUAL,2025-01-31,89.57501538422821,89.57501538422821,1
IPC_GBA_INTERANUAL,2025-02-28,68.57015041759867,68.57015041759867,1
IPC_GBA_INTERANUAL,2025-03-31,57.036128735671234,57.036128735671234,1
IPC_GBA_INTERANUAL,2025-04-30,47.73502088359525,47.73502088359525,1
IPC_GBA_INTERANUAL,2025-05-31,43.769373873528195,43.769373873528195,1
IPC_GBA_INTERANUAL,2025-06-30,40.56036941472705,40.56036941472705,1
IPC_GBA_INTERANUAL,2025-07-31,37.62956850541006,37.62956850541006,1
IPC_GBA_INTERANUAL,2025-08-31,34.63451745749748,34.63451745749748,1
IPC_GBA_INTERANUAL,2025-09-30,32.52845906347912,32.52845906347912,1
IPC_GBA_INTERANUAL,2025-10-31,31.982354125310984,31.982354125310984,1
IPC_GBA_INTERANUAL,2025-11-30,31.828820198490625,31.828820198490625,1
IPC_GBA_INTERANUAL,2025-12-31,31.735483311822744,31.735483311822744,1
IPC_GBA_INTERANUAL,2026-01-31,32.69785301597008,32.69785301597008,1
IPC_GBA_INTERANUAL,2026-02-28,33.19249577537269,33.19249577537269,1
IPC_GBA_INTERANUAL,2026-03-31,32.62370603245402,32.62370603245402,1
IPC_GBA_INTERANUAL,2026-04-30,32.6330009516792,32.6330009516792,1
IPC_GBA_INTERANUAL,2026-05-31,33.64559050176017,33.64559050176017,1
IPC_GBA_INTERANUAL,2026-06-30,33.43860543359587,33.43860543359587,1
IPC_GBA_INTERANUAL,2026-07-31,33.96175803795243,33.96175803795243,1
IPC_GBA_INTERANUAL,2026-08-31,33.65707065984993,33.65707065984993,1
IPC_GBA_NUCLEO_MENSUAL,2016-05-31,2.6577746232418153,2.6577746232418153,1
IPC_GBA_NUCLEO_MENSUAL,2016-06-30,3.0124736305874977,3.0124736305874977,1
IPC_GBA_NUCLEO_MENSUAL,2016-07-31,1.8715395955002379,1.8715395955002379,1
IPC_GBA_NUCLEO_MENSUAL,2016-08-31,1.6515708459856615,1.6515708459856615,1
IPC_GBA_NUCLEO_MENSUAL,2016-09-30,1.5486929160133611,1.5486929160133611,1
IPC_GBA_NUCLEO_MENSUAL,2016-10-31,1.7998613951901277,1.7998613951901277,1
IPC_GBA_NUCLEO_MENSUAL,2016-11-30,1.7187918692340043,1.7187918692340043,1
IPC_GBA_NUCLEO_MENSUAL,2016-12-31,1.7124304795537615,1.7124304795537615,1
IPC_GBA_NUCLEO_MENSUAL,2017-01-31,1.3388999999999873,1.3388999999999873,1
IPC_GBA_NUCLEO_MENSUAL,2017-02-28,1.8460827974252858,1.8460827974252858,1
IPC_GBA_NUCLEO_MENSUAL,2017-03-31,1.8209528755533722,1.8209528755533722,1
IPC_GBA_NUCLEO_MENSUAL,2017-04-30,2.291579240853703,2.291579240853703,1
IPC_GBA_NUCLEO_MENSUAL,2017-05-31,1.602458852454891,1.602458852454891,1
IPC_GBA_NUCLEO_MENSUAL,2017-06-30,1.52261629977688,1.52261629977688,1
IPC_GBA_NUCLEO_MENSUAL,2017-07-31,1.7638427566378567,1.7638427566378567,1
IPC_GBA_NUCLEO_MENSUAL,2017-08-31,1.5037394085539724,1.5037394085539724,1
IPC_GBA_NUCLEO_MENSUAL,2017-09-30,1.7577956179525067,1.7577956179525067,1
IPC_GBA_NUCLEO_MENSUAL,2017-10-31,1.1379782546023565,1.1379782546023565,1
IPC_GBA_NUCLEO_MENSUAL,2017-11-30,1.3053647462441198,1.3053647462441198,1
IPC_GBA_NUCLEO_MENSUAL,2017-12-31,1.9737249798599477,1.9737249798599477,1
IPC_GBA_NUCLEO_MENSUAL,2018-01-31,1.4526482971683574,1.4526482971683574,1
IPC_GBA_NUCLEO_MENSUAL,2018-02-28,2.177925134936487,2.177925134936487,1
IPC_GBA_NUCLEO_MENSUAL,2018-03-31,2.46549557871254,2.46549557871254,1
IPC_GBA_NUCLEO_MENSUAL,2018-04-30,2.0976879971301043,2.0976879971301043,1
IPC_GBA_NUCLEO_MENSUAL,2018-05-31,2.5668733472870464,2.5668733472870464,1
IPC_GBA_NUCLEO_MENSUAL,2018-06-30,4.1844198359042295,4.1844198359042295,1
IPC_GBA_NUCLEO_MENSUAL,2018-07-31,2.90122306323517,2.90122306323517,1
IPC_GBA_NUCLEO_MENSUAL,2018-08-31,3.211555373746,3.211555373746,1
IPC_GBA_NUCLEO_MENSUAL,2018-09-30,7.8133559484434345,7.8133559484434345,1
IPC_GBA_NUCLEO_MENSUAL,2018-10-31,4.258999555638643,4.258999555638643,1
IPC_GBA_NUCLEO_MENSUAL,2018-11-30,3.173774010621977,3.173774010621977,1
IPC_GBA_NUCLEO_MENSUAL,2018-12-31,2.9441022734791433,2.9441022734791433,1
IPC_GBA_NUCLEO_MENSUAL,2019-01-31,2.8822035527616086,2.8822035527616086,1
IPC_GBA_NUCLEO_MENSUAL,2019-02-28,3.7170813536966385,3.7170813536966385,1
IPC_GBA_NUCLEO_MENSUAL,2019-03-31,4.287440467492232,4.287440467492232,1
IPC_GBA_NUCLEO_MENSUAL,2019-04-30,3.7077829491002356,3.7077829491002356,1
IPC_GBA_NUCLEO_MENSUAL,2019-05-31,3.263928404526051,3.263928404526051,1
IPC_GBA_NUCLEO_MENSUAL,2019-06-30,2.6002036267318562,2.6002036267318562,1
IPC_GBA_NUCLEO_MENSUAL,2019-07-31,2.1152054733158288,2.1152054733158288,1
IPC_GBA_NUCLEO_MENSUAL,2019-08-31,4.749258522846822,4.749258522846822,1
IPC_GBA_NUCLEO_MENSUAL,2019-09-30,6.277789291734948,6.277789291734948,1
IPC_GBA_NUCLEO_MENSUAL,2019-10-31,3.8087464541537885,3.8087464541537885,1
IPC_GBA_NUCLEO_MENSUAL,2019-11-30,3.6704365303000808,3.6704365303000808,1
IPC_GBA_NUCLEO_MENSUAL,2019-12-31,3.9021443243812737,3.9021443243812737,1
IPC_GBA_NUCLEO_MENSUAL,2020-01-31,2.064942896378552,2.064942896378552,1
IPC_GBA_NUCLEO_MENSUAL,2020-02-29,2.13326202613211,2.13326202613211,1
IPC_GBA_NUCLEO_MENSUAL,2020-03-31,3.259394530616677,3.259394530616677,1
IPC_GBA_NUCLEO_MENSUAL,2020-04-30,1.632457124073361,1.632457124073361,1
IPC_GBA_NUCLEO_MENSUAL,2020-05-31,1.3704299007668563,1.3704299007668563,1
IPC_GBA_NUCLEO_MENSUAL,2020-06-30,2.321707717484589,2.321707717484589,1
IPC_GBA_NUCLEO_MENSUAL,2020-07-31,2.2797702515349627,2.2797702515349627,1
IPC_GBA_NUCLEO_MENSUAL,2020-08-31,3.1957518451985134,3.1957518451985134,1
IPC_GBA_NUCLEO_MENSUAL,2020-09-30,2.186500119644119,2.186500119644119,1
IPC_GBA_NUCLEO_MENSUAL,2020-10-31,3.441860629104365,3.441860629104365,1
IPC_GBA_NUCLEO_MENSUAL,2020-11-30,4.0936102721006895,4.0936102721006895,1
IPC_GBA_NUCLEO_MENSUAL,2020-12-31,4.451014446880519,4.451014446880519,1
IPC_GBA_NUCLEO_MENSUAL,2021-01-31,3.1723706257644535,3.1723706257644535,1
IPC_GBA_NUCLEO_MENSUAL,2021-02-28,4.263650685857612,4.263650685857612,1
IPC_GBA_NUCLEO_MENSUAL,2021-03-31,4.347423798779371,4.347423798779371,1
IPC_GBA_NUCLEO_MENSUAL,2021-04-30,4.804218988006093,4.804218988006093,1
IPC_GBA_NUCLEO_MENSUAL,2021-05-31,3.558920774179919,3.558920774179919,1
IPC_GBA_NUCLEO_MENSUAL,2021-06-30,3.5113014897106387,3.5113014897106387,1
IPC_GBA_NUCLEO_MENSUAL,2021-07-31,3.3872403155118525,3.3872403155118525,1
IPC_GBA_NUCLEO_MENSUAL,2021-08-31,3.070803710812453,3.070803710812453,1
IPC_GBA_NUCLEO_MENSUAL,2021-09-30,3.354356014656412,3.354356014656412,1
IPC_GBA_NUCLEO_MENSUAL,2021-10-31,3.3256748076512466,3.3256748076512466,1
IPC_GBA_NUCLEO_MENSUAL,2021-11-30,3.346716241984593,3.346716241984593,1
IPC_GBA_NUCLEO_MENSUAL,2021-12-31,4.612085843459712,4.612085843459712,1
IPC_GBA_NUCLEO_MENSUAL,2022-01-31,3.3325941525241376,3.3325941525241376,1
IPC_GBA_NUCLEO_MENSUAL,2022-02-28,4.505575263201633,4.505575263201633,1
IPC_GBA_NUCLEO_MENSUAL,2022-03-31,6.13718017523841,6.13718017523841,1
IPC_GBA_NUCLEO_MENSUAL,2022-04-30,7.040007709667551,7.040007709667551,1
IPC_GBA_NUCLEO_MENSUAL,2022-05-31,4.956387740531687,4.956387740531687,1
IPC_GBA_NUCLEO_MENSUAL,2022-06-30,5.286588664444825,5.286588664444825,1
IPC_GBA_NUCLEO_MENSUAL,2022-07-31,7.443979047837868,7.443979047837868,1
IPC_GBA_NUCLEO_MENSUAL,2022-08-31,6.911712349035493,6.911712349035493,1
IPC_GBA_NUCLEO_MENSUAL,2022-09-30,5.493138428852928,5.493138428852928,1
IPC_GBA_NUCLEO_MENSUAL,2022-10-31,5.796833340951779,5.796833340951779,1
IPC_GBA_NUCLEO_MENSUAL,2022-11-30,4.871828728193672,4.871828728193672,1
IPC_GBA_NUCLEO_MENSUAL,2022-12-31,5.610374509008054,5.610374509008054,1
IPC_GBA_NUCLEO_MENSUAL,2023-01-31,5.530833987950712,5.530833987950712,1
IPC_GBA_NUCLEO_MENSUAL,2023-02-28,7.500923522246317,7.500923522246317,1
IPC_GBA_NUCLEO_MENSUAL,2023-03-31,6.836466355554061,6.836466355554061,1
IPC_GBA_NUCLEO_MENSUAL,2023-04-30,8.415934006734105,8.415934006734105,1
IPC_GBA_NUCLEO_MENSUAL,2023-05-31,7.901495022438421,7.901495022438421,1
IPC_GBA_NUCLEO_MENSUAL,2023-06-30,6.52387976190254,6.52387976190254,1
IPC_GBA_NUCLEO_MENSUAL,2023-07-31,6.39946763037722,6.39946763037722,1
IPC_GBA_NUCLEO_MENSUAL,2023-08-31,13.512674726903873,13.512674726903873,1
IPC_GBA_NUCLEO_MENSUAL,2023-09-30,12.698869433861514,12.698869433861514,1
IPC_GBA_NUCLEO_MENSUAL,2023-10-31,9.185803260418712,9.185803260418712,1
IPC_GBA_NUCLEO_MENSUAL,2023-11-30,13.828668676605593,13.828668676605593,1
IPC_GBA_NUCLEO_MENSUAL,2023-12-31,28.49868649904368,28.49868649904368,1
IPC_GBA_NUCLEO_MENSUAL,2024-01-31,18.99951026408737,18.99951026408737,1
IPC_GBA_NUCLEO_MENSUAL,2024-02-29,12.883836080780187,12.883836080780187,1
IPC_GBA_NUCLEO_MENSUAL,2024-03-31,9.684096118081275,9.684096118081275,1
IPC_GBA_NUCLEO_MENSUAL,2024-04-30,6.395511083590866,6.395511083590866,1
IPC_GBA_NUCLEO_MENSUAL,2024-05-31,3.90917749627242,3.90917749627242,1
IPC_GBA_NUCLEO_MENSUAL,2024-06-30,3.857566920877331,3.857566920877331,1
IPC_GBA_NUCLEO_MENSUAL,2024-07-31,3.894469497201669,3.894469497201669,1
IPC_GBA_NUCLEO_MENSUAL,2024-08-31,4.29296812352471,4.29296812352471,1
IPC_GBA_NUCLEO_MENSUAL,2024-09-30,3.435654202537175,3.435654202537175,1
IPC_GBA_NUCLEO_MENSUAL,2024-10-31,3.0815662928193044,3.0815662928193044,1
IPC_GBA_NUCLEO_MENSUAL,2024-11-30,2.8263491682747555,2.8263491682747555,1
IPC_GBA_NUCLEO_MENSUAL,2024-12-31,3.476248924870484,3.476248924870484,1
IPC_GBA_NUCLEO_MENSUAL,2025-01-31,2.2539636877397573,2.2539636877397573,1
IPC_GBA_NUCLEO_MENSUAL,2025-02-28,2.751132118528221,2.751132118528221,1
IPC_GBA_NUCLEO_MENSUAL,2025-03-31,3.1787744244288874,3.1787744244288874,1
IPC_GBA_NUCLEO_MENSUAL,2025-04-30,3.2415626048392765,3.2415626048392765,1
IPC_GBA_NUCLEO_MENSUAL,2025-05-31,2.121679180817382,2.121679180817382,1
IPC_GBA_NUCLEO_MENSUAL,2025-06-30,2.084310665627731,2.084310665627731,1
IPC_GBA_NUCLEO_MENSUAL,2025-07-31,1.453135149391671,1.453135149391671,1
IPC_GBA_NUCLEO_MENSUAL,2025-08-31,2.0352480011007312,2.0352480011007312,1
IPC_GBA_NUCLEO_MENSUAL,2025-09-30,1.9131418746535234,1.9131418746535234,1
IPC_GBA_NUCLEO_MENSUAL,2025-10-31,2.3660479242393784,2.3660479242393784,1
IPC_GBA_NUCLEO_MENSUAL,2025-11-30,2.7607863556552203,2.7607863556552203,1
IPC_GBA_NUCLEO_MENSUAL,2025-12-31,2.965264759092845,2.965264759092845,1
IPC_GBA_NUCLEO_MENSUAL,2026-01-31,2.650716998937952,2.650716998937952,1
IPC_GBA_NUCLEO_MENSUAL,2026-02-28,2.8819196386909107,2.8819196386909107,1
IPC_GBA_NUCLEO_MENSUAL,2026-03-31,3.046421149138734,3.046421149138734,1
IPC_GBA_NUCLEO_MENSUAL,2026-04-30,2.3047117472933865,2.3047117472933865,1
IPC_GBA_NUCLEO_MENSUAL,2026-05-31,2.1138999956002547,2.1138999956002547,1
IPC_GBA_NUCLEO_MENSUAL,2026-06-30,1.5812894694196666,1.5812894694196666,1
IPC_GBA_NUCLEO_MENSUAL,2026-07-31,1.925640796432715,1.925640796432715,1
IPC_GBA_NUCLEO_MENSUAL,2026-08-31,1.942580618587053,1.942580618587053,1
IPC_GBA_NUCLEO_INTERANUAL,2017-04-30,25.904986782572426,25.904986782572426,1
IPC_GBA_NUCLEO_INTERANUAL,2017-05-31,24.610691064006506,24.610691064006506,1
IPC_GBA_NUCLEO_INTERANUAL,2017-06-30,22.808461246238497,22.808461246238497,1
IPC_GBA_NUCLEO_INTERANUAL,2017-07-31,22.678630254046837,22.678630254046837,1
IPC_GBA_NUCLEO_INTERANUAL,2017-08-31,22.500219255557873,22.500219255557873,1
IPC_GBA_NUCLEO_INTERANUAL,2017-09-30,22.752464026996332,22.752464026996332,1
IPC_GBA_NUCLEO_INTERANUAL,2017-10-31,21.954351089595892,21.954351089595892,1
IPC_GBA_NUCLEO_INTERANUAL,2017-11-30,21.458678307993374,21.458678307993374,1
IPC_GBA_NUCLEO_INTERANUAL,2017-12-31,21.77070000000001,21.77070000000001,1
IPC_GBA_NUCLEO_INTERANUAL,2018-01-31,21.90738206157754,21.90738206157754,1
IPC_GBA_NUCLEO_INTERANUAL,2018-02-28,22.30458958799415,22.30458958799415,1
IPC_GBA_NUCLEO_INTERANUAL,2018-03-31,23.078796944687884,23.078796944687884,1
IPC_GBA_NUCLEO_INTERANUAL,2018-04-30,22.845504026612762,22.845504026612762,1
IPC_GBA_NUCLEO_INTERANUAL,2018-05-31,24.011558333234163,24.011558333234163,1
IPC_GBA_NUCLEO_INTERANUAL,2018-06-30,27.262995466388396,27.262995466388396,1
IPC_GBA_NUCLEO_INTERANUAL,2018-07-31,28.68537124231314,28.68537124231314,1
IPC_GBA_NUCLEO_INTERANUAL,2018-08-31,30.85052232713874,30.85052232713874,1
IPC_GBA_NUCLEO_INTERANUAL,2018-09-30,38.63737764781789,38.63737764781789,1
IPC_GBA_NUCLEO_INTERANUAL,2018-10-31,42.91559455728988,42.91559455728988,1
IPC_GBA_NUCLEO_INTERANUAL,2018-11-30,45.551435428736056,45.551435428736056,1
IPC_GBA_NUCLEO_INTERANUAL,2018-12-31,46.93649621789149,46.93649621789149,1
IPC_GBA_NUCLEO_INTERANUAL,2019-01-31,49.0069580927897,49.0069580927897,1
IPC_GBA_NUCLEO_INTERANUAL,2019-02-28,51.25152301113363,51.25152301113363,1
IPC_GBA_NUCLEO_INTERANUAL,2019-03-31,53.94093506846942,53.94093506846942,1
IPC_GBA_NUCLEO_INTERANUAL,2019-04-30,56.36860534502135,56.36860534502135,1
IPC_GBA_NUCLEO_INTERANUAL,2019-05-31,57.4313025258167,57.4313025258167,1
IPC_GBA_NUCLEO_INTERANUAL,2019-06-30,55.03742039175725,55.03742039175725,1
IPC_GBA_NUCLEO_INTERANUAL,2019-07-31,53.853157115812,53.853157115812,1
IPC_GBA_NUCLEO_INTERANUAL,2019-08-31,56.14534701004803,56.14534701004803,1
IPC_GBA_NUCLEO_INTERANUAL,2019-09-30,53.92139630969637,53.92139630969637,1
IPC_GBA_NUCLEO_INTERANUAL,2019-10-31,53.256671092988974,53.256671092988974,1
IPC_GBA_NUCLEO_INTERANUAL,2019-11-30,53.99442489866719,53.99442489866719,1
IPC_GBA_NUCLEO_INTERANUAL,2019-12-31,55.42756318827489,55.42756318827489,1
IPC_GBA_NUCLEO_INTERANUAL,2020-01-31,54.192900361033594,54.192900361033594,1
IPC_GBA_NUCLEO_INTERANUAL,2020-02-29,51.83828632275171,51.83828632275171,1
IPC_GBA_NUCLEO_INTERANUAL,2020-03-31,50.34149310760989,50.34149310760989,1
IPC_GBA_NUCLEO_INTERANUAL,2020-04-30,47.3329668972631,47.3329668972631,1
IPC_GBA_NUCLEO_INTERANUAL,2020-05-31,44.631396690854565,44.631396690854565,1
IPC_GBA_NUCLEO_INTERANUAL,2020-06-30,44.23881216467118,44.23881216467118,1
IPC_GBA_NUCLEO_INTERANUAL,2020-07-31,44.4712616615355,44.4712616615355,1
IPC_GBA_NUCLEO_INTERANUAL,2020-08-31,42.32864917067458,42.32864917067458,1
IPC_GBA_NUCLEO_INTERANUAL,2020-09-30,36.84953951746335,36.84953951746335,1
IPC_GBA_NUCLEO_INTERANUAL,2020-10-31,36.36587934499733,36.36587934499733,1
IPC_GBA_NUCLEO_INTERANUAL,2020-11-30,36.9225130522306,36.9225130522306,1
IPC_GBA_NUCLEO_INTERANUAL,2020-12-31,37.64581551148743,37.64581551148743,1
IPC_GBA_NUCLEO_INTERANUAL,2021-01-31,39.1393037612787,39.1393037612787,1
IPC_GBA_NUCLEO_INTERANUAL,2021-02-28,42.0415981654199,42.0415981654199,1
IPC_GBA_NUCLEO_INTERANUAL,2021-03-31,43.53826989009051,43.53826989009051,1
IPC_GBA_NUCLEO_INTERANUAL,2021-04-30,48.0178350146105,48.0178350146105,1
IPC_GBA_NUCLEO_INTERANUAL,2021-05-31,51.21339886245983,51.21339886245983,1
IPC_GBA_NUCLEO_INTERANUAL,2021-06-30,52.9714081996435,52.9714081996435,1
IPC_GBA_NUCLEO_INTERANUAL,2021-07-31,54.627759742171044,54.627759742171044,1
IPC_GBA_NUCLEO_INTERANUAL,2021-08-31,54.44053837153688,54.44053837153688,1
IPC_GBA_NUCLEO_INTERANUAL,2021-09-30,56.20558848045432,56.20558848045432,1
IPC_GBA_NUCLEO_INTERANUAL,2021-10-31,56.03013847885154,56.03013847885154,1
IPC_GBA_NUCLEO_INTERANUAL,2021-11-30,54.91058869435071,54.91058869435071,1
IPC_GBA_NUCLEO_INTERANUAL,2021-12-31,55.14947258646066,55.14947258646066,1
IPC_GBA_NUCLEO_INTERANUAL,2022-01-31,55.39041495816286,55.39041495816286,1
IPC_GBA_NUCLEO_INTERANUAL,2022-02-28,55.75096976527709,55.75096976527709,1
IPC_GBA_NUCLEO_INTERANUAL,2022-03-31,58.42239452239069,58.42239452239069,1
IPC_GBA_NUCLEO_INTERANUAL,2022-04-30,61.802019945412056,61.802019945412056,1
IPC_GBA_NUCLEO_INTERANUAL,2022-05-31,63.985443413640006,63.985443413640006,1
IPC_GBA_NUCLEO_INTERANUAL,2022-06-30,66.79790205676,66.79790205676,1
IPC_GBA_NUCLEO_INTERANUAL,2022-07-31,73.34276685515677,73.34276685515677,1
IPC_GBA_NUCLEO_INTERANUAL,2022-08-31,79.80234324941368,79.80234324941368,1
IPC_GBA_NUCLEO_INTERANUAL,2022-09-30,83.52311617666834,83.52311617666834,1
IPC_GBA_NUCLEO_INTERANUAL,2022-10-31,87.9122935562706,87.9122935562706,1
IPC_GBA_NUCLEO_INTERANUAL,2022-11-30,90.68536071927376,90.68536071927376,1
IPC_GBA_NUCLEO_INTERANUAL,2022-12-31,92.50502651369159,92.50502651369159,1
IPC_GBA_NUCLEO_INTERANUAL,2023-01-31,96.6002708194488,96.6002708194488,1
IPC_GBA_NUCLEO_INTERANUAL,2023-02-28,102.23524557982513,102.23524557982513,1
IPC_GBA_NUCLEO_INTERANUAL,2023-03-31,103.56767510332689,103.56767510332689,1
IPC_GBA_NUCLEO_INTERANUAL,2023-04-30,106.18439873218803,106.18439873218803,1
IPC_GBA_NUCLEO_INTERANUAL,2023-05-31,111.96999394172313,111.96999394172313,1
IPC_GBA_NUCLEO_INTERANUAL,2023-06-30,114.46099103602667,114.46099103602667,1
IPC_GBA_NUCLEO_INTERANUAL,2023-07-31,112.3761189406129,112.3761189406129,1
IPC_GBA_NUCLEO_INTERANUAL,2023-08-31,125.48868388118683,125.48868388118683,1
IPC_GBA_NUCLEO_INTERANUAL,2023-09-30,140.89073585271922,140.89073585271922,1
IPC_GBA_NUCLEO_INTERANUAL,2023-10-31,148.60714315814576,148.60714315814576,1
IPC_GBA_NUCLEO_INTERANUAL,2023-11-30,169.8400559270332,169.8400559270332,1
IPC_GBA_NUCLEO_INTERANUAL,2023-12-31,228.32089567578157,228.32089567578157,1
IPC_GBA_NUCLEO_INTERANUAL,2024-01-31,270.2237944916219,270.2237944916219,1
IPC_GBA_NUCLEO_INTERANUAL,2024-02-29,288.76207535043335,288.76207535043335,1
IPC_GBA_NUCLEO_INTERANUAL,2024-03-31,299.1241782360291,299.1241782360291,1
IPC_GBA_NUCLEO_INTERANUAL,2024-04-30,291.68616051034405,291.68616051034405,1
IPC_GBA_NUCLEO_INTERANUAL,2024-05-31,277.19390974925,277.19390974925,1
IPC_GBA_NUCLEO_INTERANUAL,2024-06-30,267.7526749071764,267.7526749071764,1
IPC_GBA_NUCLEO_INTERANUAL,2024-07-31,259.094551096698,259.094551096698,1
IPC_GBA_NUCLEO_INTERANUAL,2024-08-31,229.9282363045489,229.9282363045489,1
IPC_GBA_NUCLEO_INTERANUAL,2024-09-30,202.80998499348465,202.80998499348465,1
IPC_GBA_NUCLEO_INTERANUAL,2024-10-31,185.8808252551368,185.8808252551368,1
IPC_GBA_NUCLEO_INTERANUAL,2024-11-30,158.24848783670967,158.24848783670967,1
IPC_GBA_NUCLEO_INTERANUAL,2024-12-31,107.95998418288603,107.95998418288603,1
IPC_GBA_NUCLEO_INTERANUAL,2025-01-31,78.69596794094713,78.69596794094713,1
IPC_GBA_NUCLEO_INTERANUAL,2025-02-28,62.65582078384699,62.65582078384699,1
IPC_GBA_NUCLEO_INTERANUAL,2025-03-31,53.00876640683998,53.00876640683998,1
IPC_GBA_NUCLEO_INTERANUAL,2025-04-30,48.47303213450436,48.47303213450436,1
IPC_GBA_NUCLEO_INTERANUAL,2025-05-31,45.91892381389477,45.91892381389477,1
IPC_GBA_NUCLEO_INTERANUAL,2025-06-30,43.42751512713623,43.42751512713623,1
IPC_GBA_NUCLEO_INTERANUAL,2025-07-31,40.05722486245238,40.05722486245238,1
IPC_GBA_NUCLEO_INTERANUAL,2025-08-31,37.02528492870441,37.02528492870441,1
IPC_GBA_NUCLEO_INTERANUAL,2025-09-30,35.0083528839066,35.0083528839066,1
IPC_GBA_NUCLEO_INTERANUAL,2025-10-31,34.07122164042371,34.07122164042371,1
IPC_GBA_NUCLEO_INTERANUAL,2025-11-30,33.985736874571536,33.985736874571536,1
IPC_GBA_NUCLEO_INTERANUAL,2025-12-31,33.3240914178188,33.3240914178188,1
IPC_GBA_NUCLEO_INTERANUAL,2026-01-31,33.84139923479543,33.84139923479543,1
IPC_GBA_NUCLEO_INTERANUAL,2026-02-28,34.011760225862965,34.011760225862965,1
IPC_GBA_NUCLEO_INTERANUAL,2026-03-31,33.83985572813815,33.83985572813815,1
IPC_GBA_NUCLEO_INTERANUAL,2026-04-30,32.625345017053206,32.625345017053206,1
IPC_GBA_NUCLEO_INTERANUAL,2026-05-31,32.615242195285596,32.615242195285596,1
IPC_GBA_NUCLEO_INTERANUAL,2026-06-30,31.961779608042452,31.961779608042452,1
IPC_GBA_NUCLEO_INTERANUAL,2026-07-31,32.57637555883852,32.57637555883852,1
IPC_GBA_NUCLEO_INTERANUAL,2026-08-31,32.455971032492315,32.455971032492315,1
PIB_IA_TRIM,2015-03-31,0.25090894779724593,0.25090894779724593,1
PIB_IA_TRIM,2015-06-30,4.031032032338633,4.031032032338633,1
PIB_IA_TRIM,2015-09-30,3.966169986072754,3.966169986072754,1
PIB_IA_TRIM,2015-12-31,2.472700915435455,2.472700915435455,1
PIB_IA_TRIM,2016-03-31,0.7286925452810067,0.7286925452810067,1
PIB_IA_TRIM,2016-06-30,-3.858859647401336,-3.858859647401336,1
PIB_IA_TRIM,2016-09-30,-3.3272188518777557,-3.3272188518777557,1
PIB_IA_TRIM,2016-12-31,-1.4932883928850726,-1.4932883928850726,1
PIB_IA_TRIM,2017-03-31,0.5596790824431652,0.5596790824431652,1
PIB_IA_TRIM,2017-06-30,2.326583407676619,2.326583407676619,1
PIB_IA_TRIM,2017-09-30,3.850608563626845,3.850608563626845,1
PIB_IA_TRIM,2017-12-31,4.53268482640472,4.53268482640472,1
PIB_IA_TRIM,2018-03-31,3.7977402181420095,3.7977402181420095,1
PIB_IA_TRIM,2018-06-30,-3.9790994073943042,-3.9790994073943042,1
PIB_IA_TRIM,2018-09-30,-3.469440387395073,-3.469440387395073,1
PIB_IA_TRIM,2018-12-31,-6.339739167007508,-6.339739167007508,1
PIB_IA_TRIM,2019-03-31,-5.863725398737529,-5.863725398737529,1
PIB_IA_TRIM,2019-06-30,0.5828198936035367,0.5828198936035367,1
PIB_IA_TRIM,2019-09-30,-1.7527161635665145,-1.7527161635665145,1
PIB_IA_TRIM,2019-12-31,-1.074842739518056,-1.074842739518056,1
PIB_IA_TRIM,2020-03-31,-5.025069658659365,-5.025069658659365,1
PIB_IA_TRIM,2020-06-30,-18.94219403858458,-18.94219403858458,1
PIB_IA_TRIM,2020-09-30,-10.192766275916265,-10.192766275916265,1
PIB_IA_TRIM,2020-12-31,-4.313299476410359,-4.313299476410359,1
PIB_IA_TRIM,2021-03-31,3.23260077948051,3.23260077948051,1
PIB_IA_TRIM,2021-06-30,18.72996077966329,18.72996077966329,1
PIB_IA_TRIM,2021-09-30,11.814535666569048,11.814535666569048,1
PIB_IA_TRIM,2021-12-31,8.364113941174,8.364113941174,1
PIB_IA_TRIM,2022-03-31,6.8613838718545095,6.8613838718545095,1
PIB_IA_TRIM,2022-06-30,8.130014461943947,8.130014461943947,1
PIB_IA_TRIM,2022-09-30,6.684421363238302,6.684421363238302,1
PIB_IA_TRIM,2022-12-31,2.385427626784198,2.385427626784198,1
PIB_IA_TRIM,2023-03-31,0.9150686838560462,0.9150686838560462,1
PIB_IA_TRIM,2023-06-30,-5.651033413662587,-5.651033413662587,1
PIB_IA_TRIM,2023-09-30,-0.5623202931924309,-0.5623202931924309,1
PIB_IA_TRIM,2023-12-31,-1.7113184746570198,-1.7113184746570198,1
PIB_IA_TRIM,2024-03-31,-5.083656964849837,-5.083656964849837,1
PIB_IA_TRIM,2024-06-30,-1.1134976492524928,-1.1134976492524928,1
PIB_IA_TRIM,2024-09-30,-1.9550050497315175,-1.9550050497315175,1
PIB_IA_TRIM,2024-12-31,2.709343559206978,2.709343559206978,1
PIB_IA_TRIM,2025-03-31,6.11707468381002,6.11707468381002,1
PIB_IA_TRIM,2025-06-30,6.517684102413268,6.517684102413268,1
PIB_IA_TRIM,2025-09-30,3.1969585220612773,3.1969585220612773,1
PIB_IA_TRIM,2025-12-31,2.1790516478519706,2.1790516478519706,1
PIB_IA_TRIM,2026-03-31,2.4070334092130663,2.4070334092130663,1
PIB_IA_TRIM,2026-06-30,1.9701774349726309,1.9701774349726309,1
PIB_PROM_ANUAL,2015-12-31,2.7311598390646896,2.7311598390646896,1
PIB_PROM_ANUAL,2016-12-31,-2.080327849264907,-2.080327849264907,1
PIB_PROM_ANUAL,2017-12-31,2.8185029728373223,2.8185029728373223,1
PIB_PROM_ANUAL,2018-12-31,-2.6173964606568845,-2.6173964606568845,1
PIB_PROM_ANUAL,2019-12-31,-2.000861001721599,-2.000861001721599,1
PIB_PROM_ANUAL,2020-12-31,-9.900484819237077,-9.900484819237077,1
PIB_PROM_ANUAL,2021-12-31,10.441812002456619,10.441812002456619,1
PIB_PROM_ANUAL,2022-12-31,6.020745373912373,6.020745373912373,1
PIB_PROM_ANUAL,2023-12-31,-1.850832478903397,-1.850832478903397,1
PIB_PROM_ANUAL,2024-12-31,-1.3677573657661757,-1.3677573657661757,1
PIB_PROM_ANUAL,2025-12-31,4.483244629756422,4.483244629756422,1
PIB_TRIM_SE,2014-06-30,-0.6125083434866174,-0.6125083434866174,1
PIB_TRIM_SE,2014-09-30,-0.8625981027684637,-0.8625981027684637,1
PIB_TRIM_SE,2014-12-31,0.5566416826701781,0.5566416826701781,1
PIB_TRIM_SE,2015-03-31,1.46947418347807,1.46947418347807,1
PIB_TRIM_SE,2015-06-30,2.3028957239760395,2.3028957239760395,1
PIB_TRIM_SE,2015-09-30,-0.041342793314791404,-0.041342793314791404,1
PIB_TRIM_SE,2015-12-31,-1.1282821899745388,-1.1282821899745388,1
PIB_TRIM_SE,2016-03-31,-0.9105060709254875,-0.9105060709254875,1
PIB_TRIM_SE,2016-06-30,-1.6029483622102991,-1.6029483622102991,1
PIB_TRIM_SE,2016-09-30,0.3561935817756101,0.3561935817756101,1
PIB_TRIM_SE,2016-12-31,0.6081463542241483,0.6081463542241483,1
PIB_TRIM_SE,2017-03-31,0.8463978817533802,0.8463978817533802,1
PIB_TRIM_SE,2017-06-30,1.1459247007360895,1.1459247007360895,1
PIB_TRIM_SE,2017-09-30,1.2092389590470098,1.2092389590470098,1
PIB_TRIM_SE,2017-12-31,0.9915382906234615,0.9915382906234615,1
PIB_TRIM_SE,2018-03-31,-0.3856041814832345,-0.3856041814832345,1
PIB_TRIM_SE,2018-06-30,-4.4214789553857266,-4.4214789553857266,1
PIB_TRIM_SE,2018-09-30,-0.33011347168326877,-0.33011347168326877,1
PIB_TRIM_SE,2018-12-31,-1.4091157018481848,-1.4091157018481848,1
PIB_TRIM_SE,2019-03-31,0.07187225914273565,0.07187225914273565,1
PIB_TRIM_SE,2019-06-30,0.9641021462234889,0.9641021462234889,1
PIB_TRIM_SE,2019-09-30,-0.09192265351466444,-0.09192265351466444,1
PIB_TRIM_SE,2019-12-31,-1.5114086699437812,-1.5114086699437812,1
PIB_TRIM_SE,2020-03-31,-4.263566182277412,-4.263566182277412,1
PIB_TRIM_SE,2020-06-30,-14.48294658410667,-14.48294658410667,1
PIB_TRIM_SE,2020-09-30,10.956423542012871,10.956423542012871,1
PIB_TRIM_SE,2020-12-31,5.009206989428727,5.009206989428727,1
PIB_TRIM_SE,2021-03-31,3.4534560969443406,3.4534560969443406,1
PIB_TRIM_SE,2021-06-30,0.1910319630935131,0.1910319630935131,1
PIB_TRIM_SE,2021-09-30,2.135365295791991,2.135365295791991,1
PIB_TRIM_SE,2021-12-31,2.2775416561074735,2.2775416561074735,1
PIB_TRIM_SE,2022-03-31,2.50929752963045,2.50929752963045,1
PIB_TRIM_SE,2022-06-30,2.0386241499332547,2.0386241499332547,1
PIB_TRIM_SE,2022-09-30,-0.8283013063865363,-0.8283013063865363,1
PIB_TRIM_SE,2022-12-31,-2.0258165729716615,-2.0258165729716615,1
PIB_TRIM_SE,2023-03-31,1.128016346378824,1.128016346378824,1
PIB_TRIM_SE,2023-06-30,-2.5842070543422024,-2.5842070543422024,1
PIB_TRIM_SE,2023-09-30,2.1313666749440463,2.1313666749440463,1
PIB_TRIM_SE,2023-12-31,-2.5157376289261624,-2.5157376289261624,1
PIB_TRIM_SE,2024-03-31,-1.8163389645627692,-1.8163389645627692,1
PIB_TRIM_SE,2024-06-30,-0.3990885625975049,-0.3990885625975049,1
PIB_TRIM_SE,2024-09-30,3.630442370259601,3.630442370259601,1
PIB_TRIM_SE,2024-12-31,1.8851444455129984,1.8851444455129984,1
PIB_TRIM_SE,2025-03-31,0.6644903971401384,0.6644903971401384,1
PIB_TRIM_SE,2025-06-30,0.3348722542205751,0.3348722542205751,1
PIB_TRIM_SE,2025-09-30,0.28589764075366286,0.28589764075366286,1
PIB_TRIM_SE,2025-12-31,1.0838927499578155,1.0838927499578155,1
PIB_TRIM_SE,2026-03-31,0.6708538079612136,0.6708538079612136,1
PIB_TRIM_SE,2026-06-30,-0.5917730153881084,-0.5917730153881084,1
DESOCUPACION,2014-03-31,7.1,7.1,1
DESOCUPACION,2014-06-30,7.1,7.1,1
DESOCUPACION,2014-09-30,7.5,7.5,1
DESOCUPACION,2014-12-31,6.9,6.9,1
DESOCUPACION,2015-03-31,7.1,7.1,1
DESOCUPACION,2015-06-30,6.6000000000000005,6.6000000000000005,1
DESOCUPACION,2015-09-30,5.8999999999999995,5.8999999999999995,1
DESOCUPACION,2016-06-30,9.3,9.3,1
DESOCUPACION,2016-09-30,8.5,8.5,1
DESOCUPACION,2016-12-31,7.6,7.6,1
DESOCUPACION,2017-03-31,9.2,9.2,1
DESOCUPACION,2017-06-30,8.7,8.7,1
DESOCUPACION,2017-09-30,8.3,8.3,1
DESOCUPACION,2017-12-31,7.199999999999999,7.199999999999999,1
DESOCUPACION,2018-03-31,9.1,9.1,1
DESOCUPACION,2018-06-30,9.6,9.6,1
DESOCUPACION,2018-09-30,9.0,9.0,1
DESOCUPACION,2018-12-31,9.1,9.1,1
DESOCUPACION,2019-03-31,10.100000000000001,10.100000000000001,1
DESOCUPACION,2019-06-30,10.6,10.6,1
DESOCUPACION,2019-09-30,9.69999999999999,9.69999999999999,1
DESOCUPACION,2019-12-31,8.9,8.9,1
DESOCUPACION,2020-03-31,10.4,10.4,1
DESOCUPACION,2020-06-30,13.100000000000001,13.100000000000001,1
DESOCUPACION,2020-09-30,11.700000000000001,11.700000000000001,1
DESOCUPACION,2020-12-31,10.9579322139272,10.9579322139272,1
DESOCUPACION,2021-03-31,10.2,10.2,1
DESOCUPACION,2021-06-30,9.60090333606911,9.60090333606911,1
DESOCUPACION,2021-09-30,8.19999999999999,8.19999999999999,1
DESOCUPACION,2021-12-31,7.000000000000001,7.000000000000001,1
DESOCUPACION,2022-03-31,7.000000000000001,7.000000000000001,1
DESOCUPACION,2022-06-30,6.9,6.9,1
DESOCUPACION,2022-09-30,7.1,7.1,1
DESOCUPACION,2022-12-31,6.281803915884609,6.281803915884609,1
DESOCUPACION,2023-03-31,6.87452753758732,6.87452753758732,1
DESOCUPACION,2023-06-30,6.2,6.2,1
DESOCUPACION,2023-09-30,5.72602987094246,5.72602987094246,1
DESOCUPACION,2023-12-31,5.7,5.7,1
DESOCUPACION,2024-03-31,7.7,7.7,1
DESOCUPACION,2024-06-30,7.56441257608806,7.56441257608806,1
DESOCUPACION,2024-09-30,6.9,6.9,1
DESOCUPACION,2024-12-31,6.4,6.4,1
DESOCUPACION,2025-03-31,7.9,7.9,1
DESOCUPACION,2025-06-30,7.57623890941418,7.57623890941418,1
DESOCUPACION,2025-09-30,6.6000000000000005,6.6000000000000005,1
DESOCUPACION,2025-12-31,7.5,7.5,1
DESOCUPACION,2026-03-31,7.8,7.8,1
DESOCUPACION,2026-06-30,7.9,7.9,1
EXPORTACIONES_MES,2014-01-31,4275.0,4275.0,1
EXPORTACIONES_MES,2014-02-28,4648.0,4648.0,1
EXPORTACIONES_MES,2014-03-31,4913.0,4913.0,1
EXPORTACIONES_MES,2014-04-30,6479.0,6479.0,1
EXPORTACIONES_MES,2014-05-31,7179.0,7179.0,1
EXPORTACIONES_MES,2014-06-30,7204.0,7204.0,1
EXPORTACIONES_MES,2014-07-31,6417.0,6417.0,1
EXPORTACIONES_MES,2014-08-31,6420.0,6420.0,1
EXPORTACIONES_MES,2014-09-30,5685.0,5685.0,1
EXPORTACIONES_MES,2014-10-31,5794.0,5794.0,1
EXPORTACIONES_MES,2014-11-30,4889.0,4889.0,1
EXPORTACIONES_MES,2014-12-31,4502.0,4502.0,1
EXPORTACIONES_MES,2015-01-31,3796.0,3796.0,1
EXPORTACIONES_MES,2015-02-28,3872.0,3872.0,1
EXPORTACIONES_MES,2015-03-31,4381.0,4381.0,1
EXPORTACIONES_MES,2015-04-30,5155.0,5155.0,1
EXPORTACIONES_MES,2015-05-31,5206.0,5206.0,1
EXPORTACIONES_MES,2015-06-30,6046.0,6046.0,1
EXPORTACIONES_MES,2015-07-31,5569.0,5569.0,1
EXPORTACIONES_MES,2015-08-31,5136.0,5136.0,1
EXPORTACIONES_MES,2015-09-30,5162.0,5162.0,1
EXPORTACIONES_MES,2015-10-31,5033.0,5033.0,1
EXPORTACIONES_MES,2015-11-30,3999.0,3999.0,1
EXPORTACIONES_MES,2015-12-31,3429.0,3429.0,1
EXPORTACIONES_MES,2016-01-31,3875.0,3875.0,1
EXPORTACIONES_MES,2016-02-29,4143.0,4143.0,1
EXPORTACIONES_MES,2016-03-31,4426.0,4426.0,1
EXPORTACIONES_MES,2016-04-30,4743.0,4743.0,1
EXPORTACIONES_MES,2016-05-31,5377.0,5377.0,1
EXPORTACIONES_MES,2016-06-30,5307.0,5307.0,1
EXPORTACIONES_MES,2016-07-31,4991.0,4991.0,1
EXPORTACIONES_MES,2016-08-31,5770.0,5770.0,1
EXPORTACIONES_MES,2016-09-30,5042.0,5042.0,1
EXPORTACIONES_MES,2016-10-31,4729.0,4729.0,1
EXPORTACIONES_MES,2016-11-30,4848.0,4848.0,1
EXPORTACIONES_MES,2016-12-31,4628.0,4628.0,1
EXPORTACIONES_MES,2017-01-31,4291.0,4291.0,1
EXPORTACIONES_MES,2017-02-28,3899.0,3899.0,1
EXPORTACIONES_MES,2017-03-31,4564.0,4564.0,1
EXPORTACIONES_MES,2017-04-30,4867.0,4867.0,1
EXPORTACIONES_MES,2017-05-31,5493.0,5493.0,1
EXPORTACIONES_MES,2017-06-30,5152.0,5152.0,1
EXPORTACIONES_MES,2017-07-31,5298.0,5298.0,1
EXPORTACIONES_MES,2017-08-31,5265.0,5265.0,1
EXPORTACIONES_MES,2017-09-30,5268.0,5268.0,1
EXPORTACIONES_MES,2017-10-31,5280.0,5280.0,1
EXPORTACIONES_MES,2017-11-30,4668.0,4668.0,1
EXPORTACIONES_MES,2017-12-31,4577.0,4577.0,1
EXPORTACIONES_MES,2018-01-31,4810.0,4810.0,1
EXPORTACIONES_MES,2018-02-28,4304.0,4304.0,1
EXPORTACIONES_MES,2018-03-31,5417.0,5417.0,1
EXPORTACIONES_MES,2018-04-30,5216.0,5216.0,1
EXPORTACIONES_MES,2018-05-31,5163.0,5163.0,1
EXPORTACIONES_MES,2018-06-30,5133.0,5133.0,1
EXPORTACIONES_MES,2018-07-31,5415.0,5415.0,1
EXPORTACIONES_MES,2018-08-31,5202.0,5202.0,1
EXPORTACIONES_MES,2018-09-30,5037.0,5037.0,1
EXPORTACIONES_MES,2018-10-31,5398.0,5398.0,1
EXPORTACIONES_MES,2018-11-30,5350.0,5350.0,1
EXPORTACIONES_MES,2018-12-31,5336.0,5336.0,1
EXPORTACIONES_MES,2019-01-31,4585.0,4585.0,1
EXPORTACIONES_MES,2019-02-28,4448.0,4448.0,1
EXPORTACIONES_MES,2019-03-31,5137.0,5137.0,1
EXPORTACIONES_MES,2019-04-30,5337.0,5337.0,1
EXPORTACIONES_MES,2019-05-31,6044.0,6044.0,1
EXPORTACIONES_MES,2019-06-30,5239.0,5239.0,1
EXPORTACIONES_MES,2019-07-31,5856.0,5856.0,1
EXPORTACIONES_MES,2019-08-31,5568.0,5568.0,1
EXPORTACIONES_MES,2019-09-30,5746.0,5746.0,1
EXPORTACIONES_MES,2019-10-31,5889.0,5889.0,1
EXPORTACIONES_MES,2019-11-30,5893.0,5893.0,1
EXPORTACIONES_MES,2019-12-31,5374.0,5374.0,1
EXPORTACIONES_MES,2020-01-31,4579.0,4579.0,1
EXPORTACIONES_MES,2020-02-29,4378.0,4378.0,1
EXPORTACIONES_MES,2020-03-31,4383.0,4383.0,1
EXPORTACIONES_MES,2020-04-30,4349.0,4349.0,1
EXPORTACIONES_MES,2020-05-31,5078.0,5078.0,1
EXPORTACIONES_MES,2020-06-30,4786.0,4786.0,1
EXPORTACIONES_MES,2020-07-31,4931.0,4931.0,1
EXPORTACIONES_MES,2020-08-31,4955.0,4955.0,1
EXPORTACIONES_MES,2020-09-30,4727.0,4727.0,1
EXPORTACIONES_MES,2020-10-31,4674.0,4674.0,1
EXPORTACIONES_MES,2020-11-30,4500.0,4500.0,1
EXPORTACIONES_MES,2020-12-31,3544.0,3544.0,1
EXPORTACIONES_MES,2021-01-31,4912.0,4912.0,1
EXPORTACIONES_MES,2021-02-28,4775.0,4775.0,1
EXPORTACIONES_MES,2021-03-31,5720.0,5720.0,1
EXPORTACIONES_MES,2021-04-30,6143.0,6143.0,1
EXPORTACIONES_MES,2021-05-31,6813.0,6813.0,1
EXPORTACIONES_MES,2021-06-30,7010.0,7010.0,1
EXPORTACIONES_MES,2021-07-31,7252.0,7252.0,1
EXPORTACIONES_MES,2021-08-31,8099.0,8099.0,1
EXPORTACIONES_MES,2021-09-30,7570.0,7570.0,1
EXPORTACIONES_MES,2021-10-31,6863.0,6863.0,1
EXPORTACIONES_MES,2021-11-30,6191.0,6191.0,1
EXPORTACIONES_MES,2021-12-31,6587.0,6587.0,1
EXPORTACIONES_MES,2022-01-31,5548.0,5548.0,1
EXPORTACIONES_MES,2022-02-28,6452.0,6452.0,1
EXPORTACIONES_MES,2022-03-31,7354.0,7354.0,1
EXPORTACIONES_MES,2022-04-30,8337.0,8337.0,1
EXPORTACIONES_MES,2022-05-31,8254.0,8254.0,1
EXPORTACIONES_MES,2022-06-30,8433.0,8433.0,1
EXPORTACIONES_MES,2022-07-31,7805.0,7805.0,1
EXPORTACIONES_MES,2022-08-31,7541.0,7541.0,1
EXPORTACIONES_MES,2022-09-30,7518.0,7518.0,1
EXPORTACIONES_MES,2022-10-31,7962.0,7962.0,1
EXPORTACIONES_MES,2022-11-30,7122.0,7122.0,1
EXPORTACIONES_MES,2022-12-31,6119.0,6119.0,1
EXPORTACIONES_MES,2023-01-31,4925.3311478,4925.3311478,1
EXPORTACIONES_MES,2023-02-28,5239.19412748,5239.19412748,1
EXPORTACIONES_MES,2023-03-31,5734.57472591,5734.57472591,1
EXPORTACIONES_MES,2023-04-30,5898.24988076,5898.24988076,1
EXPORTACIONES_MES,2023-05-31,6261.8584493,6261.8584493,1
EXPORTACIONES_MES,2023-06-30,5414.91487865,5414.91487865,1
EXPORTACIONES_MES,2023-07-31,6060.34283746,6060.34283746,1
EXPORTACIONES_MES,2023-08-31,5910.26640846,5910.26640846,1
EXPORTACIONES_MES,2023-09-30,5750.69492438,5750.69492438,1
EXPORTACIONES_MES,2023-10-31,5396.46843669,5396.46843669,1
EXPORTACIONES_MES,2023-11-30,4923.23485774,4923.23485774,1
EXPORTACIONES_MES,2023-12-31,5273.38531162,5273.38531162,1
EXPORTACIONES_MES,2024-01-31,5412.32394984,5412.32394984,1
EXPORTACIONES_MES,2024-02-29,5550.15215922,5550.15215922,1
EXPORTACIONES_MES,2024-03-31,6491.94579496,6491.94579496,1
EXPORTACIONES_MES,2024-04-30,6511.29105414,6511.29105414,1
EXPORTACIONES_MES,2024-05-31,7666.53390988,7666.53390988,1
EXPORTACIONES_MES,2024-06-30,6567.23094027,6567.23094027,1
EXPORTACIONES_MES,2024-07-31,7185.79165543,7185.79165543,1
EXPORTACIONES_MES,2024-08-31,6757.78532023,6757.78532023,1
EXPORTACIONES_MES,2024-09-30,6952.88047943,6952.88047943,1
EXPORTACIONES_MES,2024-10-31,7032.24999014,7032.24999014,1
EXPORTACIONES_MES,2024-11-30,6526.00222519,6526.00222519,1
EXPORTACIONES_MES,2024-12-31,7049.01924352,7049.01924352,1
EXPORTACIONES_MES,2025-01-31,5914.84804218,5914.84804218,1
EXPORTACIONES_MES,2025-02-28,6139.7040571,6139.7040571,1
EXPORTACIONES_MES,2025-03-31,6642.34697319,6642.34697319,1
EXPORTACIONES_MES,2025-04-30,6674.33068417,6674.33068417,1
EXPORTACIONES_MES,2025-05-31,7095.18297927,7095.18297927,1
EXPORTACIONES_MES,2025-06-30,7275.26064524,7275.26064524,1
EXPORTACIONES_MES,2025-07-31,7760.55566787,7760.55566787,1
EXPORTACIONES_MES,2025-08-31,7903.01224252,7903.01224252,1
EXPORTACIONES_MES,2025-09-30,8128.18217162,8128.18217162,1
EXPORTACIONES_MES,2025-10-31,7962.6346462,7962.6346462,1
EXPORTACIONES_MES,2025-11-30,8132.73134848,8132.73134848,1
EXPORTACIONES_MES,2025-12-31,7482.40736019,7482.40736019,1
EXPORTACIONES_MES,2026-01-31,7245.29604746,7245.29604746,1
EXPORTACIONES_MES,2026-02-28,5963.33901811,5963.33901811,1
EXPORTACIONES_MES,2026-03-31,8697.08512642,8697.08512642,1
EXPORTACIONES_MES,2026-04-30,8915.93637318,8915.93637318,1
EXPORTACIONES_MES,2026-05-31,9577.82038154,9577.82038154,1
EXPORTACIONES_MES,2026-06-30,9111.84980674,9111.84980674,1
EXPORTACIONES_MES,2026-07-31,8853.85953346,8853.85953346,1
EXPORTACIONES_ANIO,2014-12-31,68405.0,68405.0,1
EXPORTACIONES_ANIO,2015-12-31,56784.0,56784.0,1
EXPORTACIONES_ANIO,2016-12-31,57879.0,57879.0,1
EXPORTACIONES_ANIO,2017-12-31,58622.0,58622.0,1
EXPORTACIONES_ANIO,2018-12-31,61781.0,61781.0,1
EXPORTACIONES_ANIO,2019-12-31,65116.0,65116.0,1
EXPORTACIONES_ANIO,2020-12-31,54884.0,54884.0,1
EXPORTACIONES_ANIO,2021-12-31,77935.0,77935.0,1
EXPORTACIONES_ANIO,2022-12-31,88445.0,88445.0,1
EXPORTACIONES_ANIO,2023-12-31,66788.51598625,66788.51598625,1
EXPORTACIONES_ANIO,2024-12-31,79703.20672225,79703.20672225,1
EXPORTACIONES_ANIO,2025-12-31,87111.19681803,87111.19681803,1
IMPORTACIONES_MES,2014-01-31,5649.0,5649.0,1
IMPORTACIONES_MES,2014-02-28,5537.0,5537.0,1
IMPORTACIONES_MES,2014-03-31,5390.0,5390.0,1
IMPORTACIONES_MES,2014-04-30,5656.0,5656.0,1
IMPORTACIONES_MES,2014-05-31,5777.0,5777.0,1
IMPORTACIONES_MES,2014-06-30,5848.0,5848.0,1
IMPORTACIONES_MES,2014-07-31,6145.0,6145.0,1
IMPORTACIONES_MES,2014-08-31,5644.0,5644.0,1
IMPORTACIONES_MES,2014-09-30,5644.0,5644.0,1
IMPORTACIONES_MES,2014-10-31,5494.0,5494.0,1
IMPORTACIONES_MES,2014-11-30,4651.0,4651.0,1
IMPORTACIONES_MES,2014-12-31,4300.0,4300.0,1
IMPORTACIONES_MES,2015-01-31,4363.0,4363.0,1
IMPORTACIONES_MES,2015-02-28,4085.0,4085.0,1
IMPORTACIONES_MES,2015-03-31,5059.0,5059.0,1
IMPORTACIONES_MES,2015-04-30,4933.0,4933.0,1
IMPORTACIONES_MES,2015-05-31,5003.0,5003.0,1
IMPORTACIONES_MES,2015-06-30,5707.0,5707.0,1
IMPORTACIONES_MES,2015-07-31,5801.0,5801.0,1
IMPORTACIONES_MES,2015-08-31,5605.0,5605.0,1
IMPORTACIONES_MES,2015-09-30,5487.0,5487.0,1
IMPORTACIONES_MES,2015-10-31,5058.0,5058.0,1
IMPORTACIONES_MES,2015-11-30,4700.0,4700.0,1
IMPORTACIONES_MES,2015-12-31,4404.0,4404.0,1
IMPORTACIONES_MES,2016-01-31,4124.0,4124.0,1
IMPORTACIONES_MES,2016-02-29,4097.0,4097.0,1
IMPORTACIONES_MES,2016-03-31,4556.0,4556.0,1
IMPORTACIONES_MES,2016-04-30,4423.0,4423.0,1
IMPORTACIONES_MES,2016-05-31,4874.0,4874.0,1
IMPORTACIONES_MES,2016-06-30,5048.0,5048.0,1
IMPORTACIONES_MES,2016-07-31,4713.0,4713.0,1
IMPORTACIONES_MES,2016-08-31,5175.0,5175.0,1
IMPORTACIONES_MES,2016-09-30,4800.0,4800.0,1
IMPORTACIONES_MES,2016-10-31,4783.0,4783.0,1
IMPORTACIONES_MES,2016-11-30,4723.0,4723.0,1
IMPORTACIONES_MES,2016-12-31,4595.0,4595.0,1
IMPORTACIONES_MES,2017-01-31,4344.0,4344.0,1
IMPORTACIONES_MES,2017-02-28,4117.0,4117.0,1
IMPORTACIONES_MES,2017-03-31,5475.0,5475.0,1
IMPORTACIONES_MES,2017-04-30,4973.0,4973.0,1
IMPORTACIONES_MES,2017-05-31,6064.0,6064.0,1
IMPORTACIONES_MES,2017-06-30,5898.0,5898.0,1
IMPORTACIONES_MES,2017-07-31,6043.0,6043.0,1
IMPORTACIONES_MES,2017-08-31,6317.0,6317.0,1
IMPORTACIONES_MES,2017-09-30,5966.0,5966.0,1
IMPORTACIONES_MES,2017-10-31,6207.0,6207.0,1
IMPORTACIONES_MES,2017-11-30,6162.0,6162.0,1
IMPORTACIONES_MES,2017-12-31,5364.0,5364.0,1
IMPORTACIONES_MES,2018-01-31,5743.0,5743.0,1
IMPORTACIONES_MES,2018-02-28,5196.0,5196.0,1
IMPORTACIONES_MES,2018-03-31,5979.0,5979.0,1
IMPORTACIONES_MES,2018-04-30,6106.0,6106.0,1
IMPORTACIONES_MES,2018-05-31,6448.0,6448.0,1
IMPORTACIONES_MES,2018-06-30,5461.0,5461.0,1
IMPORTACIONES_MES,2018-07-31,6182.0,6182.0,1
IMPORTACIONES_MES,2018-08-31,6314.0,6314.0,1
IMPORTACIONES_MES,2018-09-30,4700.0,4700.0,1
IMPORTACIONES_MES,2018-10-31,5073.0,5073.0,1
IMPORTACIONES_MES,2018-11-30,4363.0,4363.0,1
IMPORTACIONES_MES,2018-12-31,3917.0,3917.0,1
IMPORTACIONES_MES,2019-01-31,4212.0,4212.0,1
IMPORTACIONES_MES,2019-02-28,3998.0,3998.0,1
IMPORTACIONES_MES,2019-03-31,3956.0,3956.0,1
IMPORTACIONES_MES,2019-04-30,4172.0,4172.0,1
IMPORTACIONES_MES,2019-05-31,4645.0,4645.0,1
IMPORTACIONES_MES,2019-06-30,4171.0,4171.0,1
IMPORTACIONES_MES,2019-07-31,4905.0,4905.0,1
IMPORTACIONES_MES,2019-08-31,4400.0,4400.0,1
IMPORTACIONES_MES,2019-09-30,4002.0,4002.0,1
IMPORTACIONES_MES,2019-10-31,4121.0,4121.0,1
IMPORTACIONES_MES,2019-11-30,3409.0,3409.0,1
IMPORTACIONES_MES,2019-12-31,3133.0,3133.0,1
IMPORTACIONES_MES,2020-01-31,3535.0,3535.0,1
IMPORTACIONES_MES,2020-02-29,3191.0,3191.0,1
IMPORTACIONES_MES,2020-03-31,3154.0,3154.0,1
IMPORTACIONES_MES,2020-04-30,2894.0,2894.0,1
IMPORTACIONES_MES,2020-05-31,3166.0,3166.0,1
IMPORTACIONES_MES,2020-06-30,3299.0,3299.0,1
IMPORTACIONES_MES,2020-07-31,3451.0,3451.0,1
IMPORTACIONES_MES,2020-08-31,3508.0,3508.0,1
IMPORTACIONES_MES,2020-09-30,4129.0,4129.0,1
IMPORTACIONES_MES,2020-10-31,4004.0,4004.0,1
IMPORTACIONES_MES,2020-11-30,4115.0,4115.0,1
IMPORTACIONES_MES,2020-12-31,3908.0,3908.0,1
IMPORTACIONES_MES,2021-01-31,3844.0,3844.0,1
IMPORTACIONES_MES,2021-02-28,3713.0,3713.0,1
IMPORTACIONES_MES,2021-03-31,5320.0,5320.0,1
IMPORTACIONES_MES,2021-04-30,4673.0,4673.0,1
IMPORTACIONES_MES,2021-05-31,5141.0,5141.0,1
IMPORTACIONES_MES,2021-06-30,5909.0,5909.0,1
IMPORTACIONES_MES,2021-07-31,5715.0,5715.0,1
IMPORTACIONES_MES,2021-08-31,5754.0,5754.0,1
IMPORTACIONES_MES,2021-09-30,5886.0,5886.0,1
IMPORTACIONES_MES,2021-10-31,5247.0,5247.0,1
IMPORTACIONES_MES,2021-11-30,5767.0,5767.0,1
IMPORTACIONES_MES,2021-12-31,6216.0,6216.0,1
IMPORTACIONES_MES,2022-01-31,5251.0,5251.0,1
IMPORTACIONES_MES,2022-02-28,5634.0,5634.0,1
IMPORTACIONES_MES,2022-03-31,7083.0,7083.0,1
IMPORTACIONES_MES,2022-04-30,6883.0,6883.0,1
IMPORTACIONES_MES,2022-05-31,7886.0,7886.0,1
IMPORTACIONES_MES,2022-06-30,8664.0,8664.0,1
IMPORTACIONES_MES,2022-07-31,8289.0,8289.0,1
IMPORTACIONES_MES,2022-08-31,7837.0,7837.0,1
IMPORTACIONES_MES,2022-09-30,7137.0,7137.0,1
IMPORTACIONES_MES,2022-10-31,6079.0,6079.0,1
IMPORTACIONES_MES,2022-11-30,5762.0,5762.0,1
IMPORTACIONES_MES,2022-12-31,5017.0,5017.0,1
IMPORTACIONES_MES,2023-01-31,5367.98151918,5367.98151918,1
IMPORTACIONES_MES,2023-02-28,5028.5955485,5028.5955485,1
IMPORTACIONES_MES,2023-03-31,6845.60693653,6845.60693653,1
IMPORTACIONES_MES,2023-04-30,6091.24338786,6091.24338786,1
IMPORTACIONES_MES,2023-05-31,7385.90273979,7385.90273979,1
IMPORTACIONES_MES,2023-06-30,7247.65177014,7247.65177014,1
IMPORTACIONES_MES,2023-07-31,6760.68283102,6760.68283102,1
IMPORTACIONES_MES,2023-08-31,6884.65869927,6884.65869927,1
IMPORTACIONES_MES,2023-09-30,6525.13384264,6525.13384264,1
IMPORTACIONES_MES,2023-10-31,5838.87675839,5838.87675839,1
IMPORTACIONES_MES,2023-11-30,5481.9345271,5481.9345271,1
IMPORTACIONES_MES,2023-12-31,4255.34820905,4255.34820905,1
IMPORTACIONES_MES,2024-01-31,4603.95464722,4603.95464722,1
IMPORTACIONES_MES,2024-02-29,4118.05743199,4118.05743199,1
IMPORTACIONES_MES,2024-03-31,4331.57077283,4331.57077283,1
IMPORTACIONES_MES,2024-04-30,4704.52137908,4704.52137908,1
IMPORTACIONES_MES,2024-05-31,5012.11741383,5012.11741383,1
IMPORTACIONES_MES,2024-06-30,4687.44850467,4687.44850467,1
IMPORTACIONES_MES,2024-07-31,5727.05446816,5727.05446816,1
IMPORTACIONES_MES,2024-08-31,4882.94094487,4882.94094487,1
IMPORTACIONES_MES,2024-09-30,5970.95870549,5970.95870549,1
IMPORTACIONES_MES,2024-10-31,6120.46379453,6120.46379453,1
IMPORTACIONES_MES,2024-11-30,5249.07209284,5249.07209284,1
IMPORTACIONES_MES,2024-12-31,5367.41141389,5367.41141389,1
IMPORTACIONES_MES,2025-01-31,5752.75016151,5752.75016151,1
IMPORTACIONES_MES,2025-02-28,5864.28756064,5864.28756064,1
IMPORTACIONES_MES,2025-03-31,6018.84797559,6018.84797559,1
IMPORTACIONES_MES,2025-04-30,6459.95918914,6459.95918914,1
IMPORTACIONES_MES,2025-05-31,6487.97000892,6487.97000892,1
IMPORTACIONES_MES,2025-06-30,6395.91011981,6395.91011981,1
IMPORTACIONES_MES,2025-07-31,6853.67165011,6853.67165011,1
IMPORTACIONES_MES,2025-08-31,6462.72070149,6462.72070149,1
IMPORTACIONES_MES,2025-09-30,7191.13346186,7191.13346186,1
IMPORTACIONES_MES,2025-10-31,7149.97099752,7149.97099752,1
IMPORTACIONES_MES,2025-11-30,5597.99248129,5597.99248129,1
IMPORTACIONES_MES,2025-12-31,5555.90492346,5555.90492346,1
IMPORTACIONES_MES,2026-01-31,5056.67015725,5056.67015725,1
IMPORTACIONES_MES,2026-02-28,5166.57388213,5166.57388213,1
IMPORTACIONES_MES,2026-03-31,6115.8952783,6115.8952783,1
IMPORTACIONES_MES,2026-04-30,6203.13971368,6203.13971368,1
IMPORTACIONES_MES,2026-05-31,6128.02645979,6128.02645979,1
IMPORTACIONES_MES,2026-06-30,6876.66162343,6876.66162343,1
IMPORTACIONES_MES,2026-07-31,6738.67586482,6738.67586482,1
IMPORTACIONES_ANIO,2014-12-31,65735.0,65735.0,1
IMPORTACIONES_ANIO,2015-12-31,60205.0,60205.0,1
IMPORTACIONES_ANIO,2016-12-31,55911.0,55911.0,1
IMPORTACIONES_ANIO,2017-12-31,66930.0,66930.0,1
IMPORTACIONES_ANIO,2018-12-31,65482.0,65482.0,1
IMPORTACIONES_ANIO,2019-12-31,49124.0,49124.0,1
IMPORTACIONES_ANIO,2020-12-31,42354.0,42354.0,1
IMPORTACIONES_ANIO,2021-12-31,63185.0,63185.0,1
IMPORTACIONES_ANIO,2022-12-31,81522.0,81522.0,1
IMPORTACIONES_ANIO,2023-12-31,73713.61676947,73713.61676947,1
IMPORTACIONES_ANIO,2024-12-31,60775.5715694,60775.5715694,1
IMPORTACIONES_ANIO,2025-12-31,75791.11923134,75791.11923134,1
RESULTADO_PRIMARIO_ANIO,2016-12-31,-343.525524284,-343.525524284,1
RESULTADO_PRIMARIO_ANIO,2017-12-31,-404.1422999999999,-404.1422999999999,1
RESULTADO_PRIMARIO_ANIO,2018-12-31,-338.9873000000001,-338.9873000000001,1
RESULTADO_PRIMARIO_ANIO,2019-12-31,-95.12150000000008,-95.12150000000008,1
RESULTADO_PRIMARIO_ANIO,2020-12-31,-1749.9571900000005,-1749.9571900000005,1
RESULTADO_PRIMARIO_ANIO,2021-12-31,-980.2405900000006,-980.2405900000006,1
RESULTADO_PRIMARIO_ANIO,2022-12-31,-1659.7479800250012,-1659.7479800250012,1
RESULTADO_PRIMARIO_ANIO,2023-12-31,-5164.6365,-5164.6365,1
RESULTADO_PRIMARIO_ANIO,2024-12-31,10405.809600000008,10405.809600000008,1
RESULTADO_PRIMARIO_ANIO,2025-12-31,11769.218699999992,11769.218699999992,1
