periodo,capital,interes,total,fuente
2026-07,3071.3,2171.4,5242.7,"Secretaría de Finanzas, Deuda de la Administración Central, 30-06-2026"
2026-08,109.2,893.0,1002.1,"Secretaría de Finanzas, Deuda de la Administración Central, 30-06-2026"
2026-09,1334.7,327.4,1662.2,"Secretaría de Finanzas, Deuda de la Administración Central, 30-06-2026"
2026-10,190.3,267.7,458.0,"Secretaría de Finanzas, Deuda de la Administración Central, 30-06-2026"
2026-11,264.0,1052.8,1316.8,"Secretaría de Finanzas, Deuda de la Administración Central, 30-06-2026"
2026-12,737.1,184.0,921.1,"Secretaría de Finanzas, Deuda de la Administración Central, 30-06-2026"
2027-01,3050.3,2138.7,5189.0,"Secretaría de Finanzas, Deuda de la Administración Central, 30-06-2026"
2027-02,1321.5,885.0,2206.5,"Secretaría de Finanzas, Deuda de la Administración Central, 30-06-2026"
2027-03,1336.0,313.3,1649.3,"Secretaría de Finanzas, Deuda de la Administración Central, 30-06-2026"
2027-04,536.3,261.7,798.0,"Secretaría de Finanzas, Deuda de la Administración Central, 30-06-2026"
2027-05,260.8,999.2,1260.0,"Secretaría de Finanzas, Deuda de la Administración Central, 30-06-2026"
2027-06,977.0,175.7,1152.7,"Secretaría de Finanzas, Deuda de la Administración Central, 30-06-2026"
2027-07,4241.8,2115.5,6357.3,"Secretaría de Finanzas, Deuda de la Administración Central, 30-06-2026"
2027-08,98.0,857.5,955.4,"Secretaría de Finanzas, Deuda de la Administración Central, 30-06-2026"
2027-09,1801.1,301.8,2102.8,"Secretaría de Finanzas, Deuda de la Administración Central, 30-06-2026"
2027-10,2564.9,257.4,2822.4,"Secretaría de Finanzas, Deuda de la Administración Central, 30-06-2026"
2027-11,249.4,978.4,1227.8,"Secretaría de Finanzas, Deuda de la Administración Central, 30-06-2026"
2027-12,2031.1,159.1,2190.3,"Secretaría de Finanzas, Deuda de la Administración Central, 30-06-2026"
2028,20942.7,9068.0,30010.7,"Secretaría de Finanzas, Deuda de la Administración Central, 30-06-2026"
2029,21258.0,8227.0,29485.1,"Secretaría de Finanzas, Deuda de la Administración Central, 30-06-2026"
2030,20654.4,7385.4,28039.9,"Secretaría de Finanzas, Deuda de la Administración Central, 30-06-2026"
2031,24310.0,6324.6,30634.6,"Secretaría de Finanzas, Deuda de la Administración Central, 30-06-2026"
2032,31342.5,5003.5,36346.1,"Secretaría de Finanzas, Deuda de la Administración Central, 30-06-2026"
2033,31597.6,3830.9,35428.5,"Secretaría de Finanzas, Deuda de la Administración Central, 30-06-2026"
2034,26827.4,2842.7,29670.0,"Secretaría de Finanzas, Deuda de la Administración Central, 30-06-2026"
2035,15650.9,2001.4,17652.3,"Secretaría de Finanzas, Deuda de la Administración Central, 30-06-2026"
2036,5808.8,1391.3,7200.0,"Secretaría de Finanzas, Deuda de la Administración Central, 30-06-2026"
2037,5555.1,1116.6,6671.6,"Secretaría de Finanzas, Deuda de la Administración Central, 30-06-2026"
2038,4202.7,855.4,5058.1,"Secretaría de Finanzas, Deuda de la Administración Central, 30-06-2026"
2039,2655.5,689.9,3345.4,"Secretaría de Finanzas, Deuda de la Administración Central, 30-06-2026"
2040,2381.8,570.3,2952.1,"Secretaría de Finanzas, Deuda de la Administración Central, 30-06-2026"
2041,2184.8,454.4,2639.2,"Secretaría de Finanzas, Deuda de la Administración Central, 30-06-2026"
2042,1138.7,357.4,1496.0,"Secretaría de Finanzas, Deuda de la Administración Central, 30-06-2026"
2043,1014.6,299.5,1314.1,"Secretaría de Finanzas, Deuda de la Administración Central, 30-06-2026"
2044,876.3,249.2,1125.6,"Secretaría de Finanzas, Deuda de la Administración Central, 30-06-2026"
2045,774.4,203.7,978.1,"Secretaría de Finanzas, Deuda de la Administración Central, 30-06-2026"
2046,646.5,164.9,811.4,"Secretaría de Finanzas, Deuda de la Administración Central, 30-06-2026"
2047,487.6,132.6,620.2,"Secretaría de Finanzas, Deuda de la Administración Central, 30-06-2026"
2048,417.0,107.7,524.6,"Secretaría de Finanzas, Deuda de la Administración Central, 30-06-2026"
2049,361.6,85.5,447.1,"Secretaría de Finanzas, Deuda de la Administración Central, 30-06-2026"
2050,301.1,66.4,367.5,"Secretaría de Finanzas, Deuda de la Administración Central, 30-06-2026"
2051,224.9,50.8,275.7,"Secretaría de Finanzas, Deuda de la Administración Central, 30-06-2026"
2052,200.1,38.8,239.0,"Secretaría de Finanzas, Deuda de la Administración Central, 30-06-2026"
2053,172.2,27.8,200.1,"Secretaría de Finanzas, Deuda de la Administración Central, 30-06-2026"
2054,148.9,18.7,167.6,"Secretaría de Finanzas, Deuda de la Administración Central, 30-06-2026"
2055-2089,224.8,15.2,239.9,"Secretaría de Finanzas, Deuda de la Administración Central, 30-06-2026"
